row_id,amount,source_url,snapshot_date,verbatim_quote_from_source,note,allocation,currency,funder,funder_ein,money_type,noncash_amount,object_id,org_id,period_end,period_start,purpose,recipient_ein,recipient_name,route,schedule_row,selected,source_fields,source_file,verdict
G-205205488-202543149349305759-540,1050540,https://projects.propublica.org/nonprofits/full_text/202543149349305759/IRS990ScheduleI,2026-09-14,"1,050,540","Filed cash disbursement. Grantee matched by EIN when supplied, otherwise normalized legal name. Sponsor name does not establish the original donor. Separate duplicate filing versions are retained and flagged.",legal-grantee,USD,SVCF,205205488,filed_cash_grant,0,202543149349305759,CAIS,2024-12-31,2024-01-01,Sciences,881751310,Center for AI Safety Inc,DAF_sponsor_unspecified_fund,540,yes,"{""CashGrantAmt[1]"": ""1,050,540"", ""IRCSectionDesc[1]"": ""501(c)(3)"", ""NonCashAssistanceAmt[1]"": ""0"", ""NonCashAssistanceDesc[1]"": ""N/A"", ""PurposeOfGrantTxt[1]"": ""Sciences"", ""RecipientBusinessName[1]/BusinessNameLine1Txt[1]"": ""Center for AI Safety Inc"", ""RecipientEIN[1]"": ""88-1751310"", ""USAddress[1]/AddressLine1Txt[1]"": ""150 Sutter Street"", ""USAddress[1]/AddressLine2Txt[1]"": ""654"", ""USAddress[1]/CityNm[1]"": ""San Francisco"", ""USAddress[1]/StateAbbreviationCd[1]"": ""CA"", ""USAddress[1]/ZIPCd[1]"": ""94104"", ""ValuationMethodUsedDesc[1]"": ""N/A""}",sources/schedule-202543149349305759.html,KEEP
G-205205488-202543149349305759-1077,333000,https://projects.propublica.org/nonprofits/full_text/202543149349305759/IRS990ScheduleI,2026-09-14,"333,000","Filed cash disbursement. Grantee matched by EIN when supplied, otherwise normalized legal name. Sponsor name does not establish the original donor. Separate duplicate filing versions are retained and flagged.",legal-grantee,USD,SVCF,205205488,filed_cash_grant,0,202543149349305759,FAS,2024-12-31,2024-01-01,International Development,237185827,Federation of American Scientists,DAF_sponsor_unspecified_fund,1077,yes,"{""CashGrantAmt[1]"": ""333,000"", ""IRCSectionDesc[1]"": ""501(c)(3)"", ""NonCashAssistanceAmt[1]"": ""0"", ""NonCashAssistanceDesc[1]"": ""N/A"", ""PurposeOfGrantTxt[1]"": ""International Development"", ""RecipientBusinessName[1]/BusinessNameLine1Txt[1]"": ""Federation of American Scientists"", ""RecipientEIN[1]"": ""23-7185827"", ""USAddress[1]/AddressLine1Txt[1]"": ""1150 18th Street NW"", ""USAddress[1]/AddressLine2Txt[1]"": ""Suite 425"", ""USAddress[1]/CityNm[1]"": ""Washington"", ""USAddress[1]/StateAbbreviationCd[1]"": ""DC"", ""USAddress[1]/ZIPCd[1]"": ""20036"", ""ValuationMethodUsedDesc[1]"": ""N/A""}",sources/schedule-202543149349305759.html,KEEP
G-205205488-202543149349305759-2505,5250,https://projects.propublica.org/nonprofits/full_text/202543149349305759/IRS990ScheduleI,2026-09-14,"5,250","Filed cash disbursement. Grantee matched by EIN when supplied, otherwise normalized legal name. Sponsor name does not establish the original donor. Separate duplicate filing versions are retained and flagged.",legal-grantee,USD,SVCF,205205488,filed_cash_grant,0,202543149349305759,PCF,2024-12-31,2024-01-01,Community Development,521263996,Public Citizen Foundation Inc,DAF_sponsor_unspecified_fund,2505,yes,"{""CashGrantAmt[1]"": ""5,250"", ""IRCSectionDesc[1]"": ""501(c)(3)"", ""NonCashAssistanceAmt[1]"": ""0"", ""NonCashAssistanceDesc[1]"": ""N/A"", ""PurposeOfGrantTxt[1]"": ""Community Development"", ""RecipientBusinessName[1]/BusinessNameLine1Txt[1]"": ""Public Citizen Foundation Inc"", ""RecipientEIN[1]"": ""52-1263996"", ""USAddress[1]/AddressLine1Txt[1]"": ""1600 20th Street Northwest"", ""USAddress[1]/CityNm[1]"": ""Washington"", ""USAddress[1]/StateAbbreviationCd[1]"": ""DC"", ""USAddress[1]/ZIPCd[1]"": ""20009"", ""ValuationMethodUsedDesc[1]"": ""N/A""}",sources/schedule-202543149349305759.html,KEEP
G-205205488-202413129349304911-518,1455200,https://projects.propublica.org/nonprofits/full_text/202413129349304911/IRS990ScheduleI,2026-09-14,"1,455,200","Filed cash disbursement. Grantee matched by EIN when supplied, otherwise normalized legal name. Sponsor name does not establish the original donor. Separate duplicate filing versions are retained and flagged.",legal-grantee,USD,SVCF,205205488,filed_cash_grant,0,202413129349304911,CAIS,2023-12-31,2023-01-01,Sciences,881751310,Center for AI Safety Inc,DAF_sponsor_unspecified_fund,518,yes,"{""CashGrantAmt[1]"": ""1,455,200"", ""IRCSectionDesc[1]"": ""501(c)(3)"", ""NonCashAssistanceAmt[1]"": ""0"", ""NonCashAssistanceDesc[1]"": ""N/A"", ""PurposeOfGrantTxt[1]"": ""Sciences"", ""RecipientBusinessName[1]/BusinessNameLine1Txt[1]"": ""Center for AI Safety Inc"", ""RecipientEIN[1]"": ""88-1751310"", ""USAddress[1]/AddressLine1Txt[1]"": ""2100 Geng Road"", ""USAddress[1]/CityNm[1]"": ""Palo Alto"", ""USAddress[1]/StateAbbreviationCd[1]"": ""CA"", ""USAddress[1]/ZIPCd[1]"": ""94303"", ""ValuationMethodUsedDesc[1]"": ""N/A""}",sources/schedule-202413129349304911.html,KEEP
G-205205488-202413129349304911-1022,200500,https://projects.propublica.org/nonprofits/full_text/202413129349304911/IRS990ScheduleI,2026-09-14,"200,500","Filed cash disbursement. Grantee matched by EIN when supplied, otherwise normalized legal name. Sponsor name does not establish the original donor. Separate duplicate filing versions are retained and flagged.",legal-grantee,USD,SVCF,205205488,filed_cash_grant,0,202413129349304911,FAS,2023-12-31,2023-01-01,International Development,237185827,Federation of American Scientists,DAF_sponsor_unspecified_fund,1022,yes,"{""CashGrantAmt[1]"": ""200,500"", ""IRCSectionDesc[1]"": ""501(c)(3)"", ""NonCashAssistanceAmt[1]"": ""0"", ""NonCashAssistanceDesc[1]"": ""N/A"", ""PurposeOfGrantTxt[1]"": ""International Development"", ""RecipientBusinessName[1]/BusinessNameLine1Txt[1]"": ""Federation of American Scientists"", ""RecipientEIN[1]"": ""23-7185827"", ""USAddress[1]/AddressLine1Txt[1]"": ""1112 16th Street NW"", ""USAddress[1]/AddressLine2Txt[1]"": ""Suite 600"", ""USAddress[1]/CityNm[1]"": ""Washington"", ""USAddress[1]/StateAbbreviationCd[1]"": ""DC"", ""USAddress[1]/ZIPCd[1]"": ""20036"", ""ValuationMethodUsedDesc[1]"": ""N/A""}",sources/schedule-202413129349304911.html,KEEP
G-205205488-202333189349318948-1092,312000,https://projects.propublica.org/nonprofits/full_text/202333189349318948/IRS990ScheduleI,2026-09-14,"312,000","Filed cash disbursement. Grantee matched by EIN when supplied, otherwise normalized legal name. Sponsor name does not establish the original donor. Separate duplicate filing versions are retained and flagged.",legal-grantee,USD,SVCF,205205488,filed_cash_grant,,202333189349318948,FAS,2022-12-31,2022-01-01,International Development,237185827,Federation of American Scientists,DAF_sponsor_unspecified_fund,1092,yes,"{""CashGrantAmt[1]"": ""312,000"", ""IRCSectionDesc[1]"": ""501(c)(3)"", ""PurposeOfGrantTxt[1]"": ""International Development"", ""RecipientBusinessName[1]/BusinessNameLine1Txt[1]"": ""Federation of American Scientists"", ""RecipientEIN[1]"": ""23-7185827"", ""USAddress[1]/AddressLine1Txt[1]"": ""1112 16th St NW Ste 400"", ""USAddress[1]/CityNm[1]"": ""Washington"", ""USAddress[1]/StateAbbreviationCd[1]"": ""DC"", ""USAddress[1]/ZIPCd[1]"": ""20036""}",sources/schedule-202333189349318948.html,KEEP
G-205205488-202333189349318948-1516,6451344,https://projects.propublica.org/nonprofits/full_text/202333189349318948/IRS990ScheduleI,2026-09-14,"6,451,344","Filed cash disbursement. Grantee matched by EIN when supplied, otherwise normalized legal name. Sponsor name does not establish the original donor. Separate duplicate filing versions are retained and flagged.",legal-grantee,USD,SVCF,205205488,filed_cash_grant,,202333189349318948,HORIZON,2022-12-31,2022-01-01,Education,874657441,Horizon Institute for Public Service,DAF_sponsor_unspecified_fund,1516,yes,"{""CashGrantAmt[1]"": ""6,451,344"", ""IRCSectionDesc[1]"": ""501(c)(3)"", ""PurposeOfGrantTxt[1]"": ""Education"", ""RecipientBusinessName[1]/BusinessNameLine1Txt[1]"": ""Horizon Institute for Public Service"", ""RecipientEIN[1]"": ""87-4657441"", ""USAddress[1]/AddressLine1Txt[1]"": ""1839 Swann St NW"", ""USAddress[1]/CityNm[1]"": ""Washington"", ""USAddress[1]/StateAbbreviationCd[1]"": ""DC"", ""USAddress[1]/ZIPCd[1]"": ""20009""}",sources/schedule-202333189349318948.html,KEEP
G-205205488-202223199349318287-546,395000,https://projects.propublica.org/nonprofits/full_text/202223199349318287/IRS990ScheduleI,2026-09-14,"395,000","Filed cash disbursement. Grantee matched by EIN when supplied, otherwise normalized legal name. Sponsor name does not establish the original donor. Separate duplicate filing versions are retained and flagged.",legal-grantee,USD,SVCF,205205488,filed_cash_grant,0,202223199349318287,FAS,2021-12-31,2021-01-01,International Development,237185827,Federation of American Scientists,DAF_sponsor_unspecified_fund,546,yes,"{""CashGrantAmt[1]"": ""395,000"", ""IRCSectionDesc[1]"": ""501(c)(3)"", ""NonCashAssistanceAmt[1]"": ""0"", ""NonCashAssistanceDesc[1]"": ""N/A"", ""PurposeOfGrantTxt[1]"": ""International Development"", ""RecipientBusinessName[1]/BusinessNameLine1Txt[1]"": ""Federation of American Scientists"", ""RecipientEIN[1]"": ""23-7185827"", ""USAddress[1]/AddressLine1Txt[1]"": ""1112 16th St NW"", ""USAddress[1]/AddressLine2Txt[1]"": ""Suite 400"", ""USAddress[1]/CityNm[1]"": ""Washington"", ""USAddress[1]/StateAbbreviationCd[1]"": ""DC"", ""USAddress[1]/ZIPCd[1]"": ""20036"", ""ValuationMethodUsedDesc[1]"": ""N/A""}",sources/schedule-202223199349318287.html,KEEP
G-205205488-202223199349318287-2610,17200,https://projects.propublica.org/nonprofits/full_text/202223199349318287/IRS990ScheduleI,2026-09-14,"17,200","Filed cash disbursement. Grantee matched by EIN when supplied, otherwise normalized legal name. Sponsor name does not establish the original donor. Separate duplicate filing versions are retained and flagged.",legal-grantee,USD,SVCF,205205488,filed_cash_grant,0,202223199349318287,FLI,2021-12-31,2021-01-01,Sciences,471052538,Future of Life Institute,DAF_sponsor_unspecified_fund,2610,yes,"{""CashGrantAmt[1]"": ""17,200"", ""IRCSectionDesc[1]"": ""501(c)(3)"", ""NonCashAssistanceAmt[1]"": ""0"", ""NonCashAssistanceDesc[1]"": ""N/A"", ""PurposeOfGrantTxt[1]"": ""Sciences"", ""RecipientBusinessName[1]/BusinessNameLine1Txt[1]"": ""Future of Life Institute"", ""RecipientEIN[1]"": ""47-1052538"", ""USAddress[1]/AddressLine1Txt[1]"": ""PO Box 706"", ""USAddress[1]/CityNm[1]"": ""Allston"", ""USAddress[1]/StateAbbreviationCd[1]"": ""MA"", ""USAddress[1]/ZIPCd[1]"": ""02134"", ""ValuationMethodUsedDesc[1]"": ""N/A""}",sources/schedule-202223199349318287.html,KEEP
G-205205488-202223199349318287-2888,10800,https://projects.propublica.org/nonprofits/full_text/202223199349318287/IRS990ScheduleI,2026-09-14,"10,800","Filed cash disbursement. Grantee matched by EIN when supplied, otherwise normalized legal name. Sponsor name does not establish the original donor. Separate duplicate filing versions are retained and flagged.",legal-grantee,USD,SVCF,205205488,filed_cash_grant,0,202223199349318287,PCF,2021-12-31,2021-01-01,Community Development,521263996,Public Citizen Foundation Inc,DAF_sponsor_unspecified_fund,2888,yes,"{""CashGrantAmt[1]"": ""10,800"", ""IRCSectionDesc[1]"": ""501(c)(3)"", ""NonCashAssistanceAmt[1]"": ""0"", ""NonCashAssistanceDesc[1]"": ""N/A"", ""PurposeOfGrantTxt[1]"": ""Community Development"", ""RecipientBusinessName[1]/BusinessNameLine1Txt[1]"": ""Public Citizen Foundation Inc"", ""RecipientEIN[1]"": ""52-1263996"", ""USAddress[1]/AddressLine1Txt[1]"": ""1600 20th St Northwest"", ""USAddress[1]/CityNm[1]"": ""Washington"", ""USAddress[1]/StateAbbreviationCd[1]"": ""DC"", ""USAddress[1]/ZIPCd[1]"": ""20009"", ""ValuationMethodUsedDesc[1]"": ""N/A""}",sources/schedule-202223199349318287.html,KEEP
G-205205488-202103199349327615-597,375000,https://projects.propublica.org/nonprofits/full_text/202103199349327615/IRS990ScheduleI,2026-09-14,"375,000","Filed cash disbursement. Grantee matched by EIN when supplied, otherwise normalized legal name. Sponsor name does not establish the original donor. Separate duplicate filing versions are retained and flagged.",legal-grantee,USD,SVCF,205205488,filed_cash_grant,,202103199349327615,FAS,2020-12-31,2020-01-01,International Development,237185827,Federation of American Scientists,DAF_sponsor_unspecified_fund,597,yes,"{""CashGrantAmt[1]"": ""375,000"", ""IRCSectionDesc[1]"": ""501(c)(3)"", ""PurposeOfGrantTxt[1]"": ""International Development"", ""RecipientBusinessName[1]/BusinessNameLine1Txt[1]"": ""Federation of American Scientists"", ""RecipientEIN[1]"": ""23-7185827"", ""USAddress[1]/AddressLine1Txt[1]"": ""1112 16th Street NW Suite 400"", ""USAddress[1]/CityNm[1]"": ""Washington"", ""USAddress[1]/StateAbbreviationCd[1]"": ""DC"", ""USAddress[1]/ZIPCd[1]"": ""20036""}",sources/schedule-202103199349327615.html,KEEP
G-205205488-202103199349327615-665,309000,https://projects.propublica.org/nonprofits/full_text/202103199349327615/IRS990ScheduleI,2026-09-14,"309,000","Filed cash disbursement. Grantee matched by EIN when supplied, otherwise normalized legal name. Sponsor name does not establish the original donor. Separate duplicate filing versions are retained and flagged.",legal-grantee,USD,SVCF,205205488,filed_cash_grant,,202103199349327615,FLI,2020-12-31,2020-01-01,Sciences,471052538,Future of Life Institute,DAF_sponsor_unspecified_fund,665,yes,"{""CashGrantAmt[1]"": ""309,000"", ""IRCSectionDesc[1]"": ""501(c)(3)"", ""PurposeOfGrantTxt[1]"": ""Sciences"", ""RecipientBusinessName[1]/BusinessNameLine1Txt[1]"": ""Future of Life Institute"", ""RecipientEIN[1]"": ""47-1052538"", ""USAddress[1]/AddressLine1Txt[1]"": ""PO Box 706"", ""USAddress[1]/CityNm[1]"": ""Allston"", ""USAddress[1]/StateAbbreviationCd[1]"": ""MA"", ""USAddress[1]/ZIPCd[1]"": ""02134""}",sources/schedule-202103199349327615.html,KEEP
G-205205488-202003199349301770-651,230000,https://projects.propublica.org/nonprofits/full_text/202003199349301770/IRS990ScheduleI,2026-09-14,"230,000","Filed cash disbursement. Grantee matched by EIN when supplied, otherwise normalized legal name. Sponsor name does not establish the original donor. Separate duplicate filing versions are retained and flagged.",legal-grantee,USD,SVCF,205205488,filed_cash_grant,,202003199349301770,FLI,2019-12-31,2019-01-01,Sciences,471052538,Future of Life Institute,DAF_sponsor_unspecified_fund,651,yes,"{""CashGrantAmt[1]"": ""230,000"", ""IRCSectionDesc[1]"": ""501(c)(3)"", ""PurposeOfGrantTxt[1]"": ""Sciences"", ""RecipientBusinessName[1]/BusinessNameLine1Txt[1]"": ""Future of Life Institute"", ""RecipientEIN[1]"": ""47-1052538"", ""USAddress[1]/AddressLine1Txt[1]"": ""PO Box 706"", ""USAddress[1]/CityNm[1]"": ""Allston"", ""USAddress[1]/StateAbbreviationCd[1]"": ""MA"", ""USAddress[1]/ZIPCd[1]"": ""02134""}",sources/schedule-202003199349301770.html,KEEP
G-205205488-202003199349301770-3105,5200,https://projects.propublica.org/nonprofits/full_text/202003199349301770/IRS990ScheduleI,2026-09-14,"5,200","Filed cash disbursement. Grantee matched by EIN when supplied, otherwise normalized legal name. Sponsor name does not establish the original donor. Separate duplicate filing versions are retained and flagged.",legal-grantee,USD,SVCF,205205488,filed_cash_grant,,202003199349301770,PCF,2019-12-31,2019-01-01,Community Development,521263996,Public Citizen Foundation Inc,DAF_sponsor_unspecified_fund,3105,yes,"{""CashGrantAmt[1]"": ""5,200"", ""IRCSectionDesc[1]"": ""501(c)(3)"", ""PurposeOfGrantTxt[1]"": ""Community Development"", ""RecipientBusinessName[1]/BusinessNameLine1Txt[1]"": ""Public Citizen Foundation Inc"", ""RecipientEIN[1]"": ""52-1263996"", ""USAddress[1]/AddressLine1Txt[1]"": ""1600 20th Street Northwest"", ""USAddress[1]/CityNm[1]"": ""Washington"", ""USAddress[1]/StateAbbreviationCd[1]"": ""DC"", ""USAddress[1]/ZIPCd[1]"": ""20009""}",sources/schedule-202003199349301770.html,KEEP
G-232888152-202621329349306657-3987,1082500,https://projects.propublica.org/nonprofits/full_text/202621329349306657/IRS990ScheduleI,2026-09-14,"1,082,500","Filed cash disbursement. Grantee matched by EIN when supplied, otherwise normalized legal name. Sponsor name does not establish the original donor. Separate duplicate filing versions are retained and flagged.",legal-grantee,USD,Vanguard,232888152,filed_cash_grant,,202621329349306657,CAIS,2025-06-30,2024-07-01,FOR RECIPIENT'S EXEMPT PURPOSE,881751310,CENTER FOR ARTIFICIAL INTELLIGENCE SAFETY INC,DAF_sponsor_unspecified_fund,3987,yes,"{""CashGrantAmt[1]"": ""1,082,500"", ""IRCSectionDesc[1]"": ""501(C)3"", ""NonCashAssistanceDesc[1]"": ""N/A"", ""PurposeOfGrantTxt[1]"": ""FOR RECIPIENT'S EXEMPT PURPOSE"", ""RecipientBusinessName[1]/BusinessNameLine1Txt[1]"": ""CENTER FOR ARTIFICIAL INTELLIGENCE SAFETY INC"", ""RecipientEIN[1]"": ""88-1751310"", ""USAddress[1]/AddressLine1Txt[1]"": ""555 MONTGOMERY ST STE 1501"", ""USAddress[1]/CityNm[1]"": ""SAN FRANCISCO"", ""USAddress[1]/StateAbbreviationCd[1]"": ""CA"", ""USAddress[1]/ZIPCd[1]"": ""941116528"", ""ValuationMethodUsedDesc[1]"": ""FMV""}",sources/schedule-202621329349306657.html,KEEP
G-232888152-202621329349306657-4078,700000,https://projects.propublica.org/nonprofits/full_text/202621329349306657/IRS990ScheduleI,2026-09-14,"700,000","Filed cash disbursement. Grantee matched by EIN when supplied, otherwise normalized legal name. Sponsor name does not establish the original donor. Separate duplicate filing versions are retained and flagged.",legal-grantee,USD,Vanguard,232888152,filed_cash_grant,,202621329349306657,CRI,2025-06-30,2024-07-01,FOR RECIPIENT'S EXEMPT PURPOSE,990921925,CENTER FOR RESPONSIBLE INNOVATION LTD,DAF_sponsor_unspecified_fund,4078,yes,"{""CashGrantAmt[1]"": ""700,000"", ""IRCSectionDesc[1]"": ""501(C)3"", ""NonCashAssistanceDesc[1]"": ""N/A"", ""PurposeOfGrantTxt[1]"": ""FOR RECIPIENT'S EXEMPT PURPOSE"", ""RecipientBusinessName[1]/BusinessNameLine1Txt[1]"": ""CENTER FOR RESPONSIBLE INNOVATION LTD"", ""RecipientEIN[1]"": ""99-0921925"", ""USAddress[1]/AddressLine1Txt[1]"": ""712 H ST NE STE 2486"", ""USAddress[1]/CityNm[1]"": ""WASHINGTON"", ""USAddress[1]/StateAbbreviationCd[1]"": ""DC"", ""USAddress[1]/ZIPCd[1]"": ""200023627"", ""ValuationMethodUsedDesc[1]"": ""FMV""}",sources/schedule-202621329349306657.html,KEEP
G-232888152-202621329349306657-8176,70000,https://projects.propublica.org/nonprofits/full_text/202621329349306657/IRS990ScheduleI,2026-09-14,"70,000","Filed cash disbursement. Grantee matched by EIN when supplied, otherwise normalized legal name. Sponsor name does not establish the original donor. Separate duplicate filing versions are retained and flagged.",legal-grantee,USD,Vanguard,232888152,filed_cash_grant,,202621329349306657,FAS,2025-06-30,2024-07-01,FOR RECIPIENT'S EXEMPT PURPOSE,237185827,FEDERATION OF AMERICAN SCIENTISTS,DAF_sponsor_unspecified_fund,8176,yes,"{""CashGrantAmt[1]"": ""70,000"", ""IRCSectionDesc[1]"": ""501(C)3"", ""NonCashAssistanceDesc[1]"": ""N/A"", ""PurposeOfGrantTxt[1]"": ""FOR RECIPIENT'S EXEMPT PURPOSE"", ""RecipientBusinessName[1]/BusinessNameLine1Txt[1]"": ""FEDERATION OF AMERICAN SCIENTISTS"", ""RecipientEIN[1]"": ""23-7185827"", ""USAddress[1]/AddressLine1Txt[1]"": ""1150 18TH STREET NORTHWEST SUITE 10"", ""USAddress[1]/CityNm[1]"": ""WASHINGTON"", ""USAddress[1]/StateAbbreviationCd[1]"": ""DC"", ""USAddress[1]/ZIPCd[1]"": ""200363816"", ""ValuationMethodUsedDesc[1]"": ""FMV""}",sources/schedule-202621329349306657.html,KEEP
G-232888152-202621329349306657-11582,4219061,https://projects.propublica.org/nonprofits/full_text/202621329349306657/IRS990ScheduleI,2026-09-14,"4,219,061","Filed cash disbursement. Grantee matched by EIN when supplied, otherwise normalized legal name. Sponsor name does not establish the original donor. Separate duplicate filing versions are retained and flagged.",legal-grantee,USD,Vanguard,232888152,filed_cash_grant,,202621329349306657,HORIZON,2025-06-30,2024-07-01,FOR RECIPIENT'S EXEMPT PURPOSE,874657441,HORIZON INSTITUTE FOR PUBLIC SERVICE,DAF_sponsor_unspecified_fund,11582,yes,"{""CashGrantAmt[1]"": ""4,219,061"", ""IRCSectionDesc[1]"": ""501(C)3"", ""NonCashAssistanceDesc[1]"": ""N/A"", ""PurposeOfGrantTxt[1]"": ""FOR RECIPIENT'S EXEMPT PURPOSE"", ""RecipientBusinessName[1]/BusinessNameLine1Txt[1]"": ""HORIZON INSTITUTE FOR PUBLIC SERVICE"", ""RecipientEIN[1]"": ""87-4657441"", ""USAddress[1]/AddressLine1Txt[1]"": ""1710 RHODE ISLAND AVE NW STE 500"", ""USAddress[1]/CityNm[1]"": ""WASHINGTON"", ""USAddress[1]/StateAbbreviationCd[1]"": ""DC"", ""USAddress[1]/ZIPCd[1]"": ""200363106"", ""ValuationMethodUsedDesc[1]"": ""FMV""}",sources/schedule-202621329349306657.html,KEEP
G-232888152-202621329349306657-18905,306100,https://projects.propublica.org/nonprofits/full_text/202621329349306657/IRS990ScheduleI,2026-09-14,"306,100","Filed cash disbursement. Grantee matched by EIN when supplied, otherwise normalized legal name. Sponsor name does not establish the original donor. Separate duplicate filing versions are retained and flagged.",legal-grantee,USD,Vanguard,232888152,filed_cash_grant,,202621329349306657,PCF,2025-06-30,2024-07-01,FOR RECIPIENT'S EXEMPT PURPOSE,521263996,PUBLIC CITIZEN FOUNDATION INC,DAF_sponsor_unspecified_fund,18905,yes,"{""CashGrantAmt[1]"": ""306,100"", ""IRCSectionDesc[1]"": ""501(C)3"", ""NonCashAssistanceDesc[1]"": ""N/A"", ""PurposeOfGrantTxt[1]"": ""FOR RECIPIENT'S EXEMPT PURPOSE"", ""RecipientBusinessName[1]/BusinessNameLine1Txt[1]"": ""PUBLIC CITIZEN FOUNDATION INC"", ""RecipientEIN[1]"": ""52-1263996"", ""USAddress[1]/AddressLine1Txt[1]"": ""1600 20TH ST NW"", ""USAddress[1]/CityNm[1]"": ""WASHINGTON"", ""USAddress[1]/StateAbbreviationCd[1]"": ""DC"", ""USAddress[1]/ZIPCd[1]"": ""200091001"", ""ValuationMethodUsedDesc[1]"": ""FMV""}",sources/schedule-202621329349306657.html,KEEP
G-232888152-202511349349313096-3426,216000,https://projects.propublica.org/nonprofits/full_text/202511349349313096/IRS990ScheduleI,2026-09-14,"216,000","Filed cash disbursement. Grantee matched by EIN when supplied, otherwise normalized legal name. Sponsor name does not establish the original donor. Separate duplicate filing versions are retained and flagged.",legal-grantee,USD,Vanguard,232888152,filed_cash_grant,,202511349349313096,CAIS,2024-06-30,2023-07-01,FOR RECIPIENT'S EXEMPT PURPOSE,881751310,CENTER FOR AI SAFETY INC,DAF_sponsor_unspecified_fund,3426,yes,"{""CashGrantAmt[1]"": ""216,000"", ""IRCSectionDesc[1]"": ""501(C)3"", ""NonCashAssistanceDesc[1]"": ""N/A"", ""PurposeOfGrantTxt[1]"": ""FOR RECIPIENT'S EXEMPT PURPOSE"", ""RecipientBusinessName[1]/BusinessNameLine1Txt[1]"": ""CENTER FOR AI SAFETY INC"", ""RecipientEIN[1]"": ""88-1751310"", ""USAddress[1]/AddressLine1Txt[1]"": ""505 MONTGOMERY ST FL 10"", ""USAddress[1]/CityNm[1]"": ""SAN FRANCISCO"", ""USAddress[1]/StateAbbreviationCd[1]"": ""CA"", ""USAddress[1]/ZIPCd[1]"": ""94111"", ""ValuationMethodUsedDesc[1]"": ""FMV""}",sources/schedule-202511349349313096.html,KEEP
G-232888152-202511349349313096-10008,3398603,https://projects.propublica.org/nonprofits/full_text/202511349349313096/IRS990ScheduleI,2026-09-14,"3,398,603","Filed cash disbursement. Grantee matched by EIN when supplied, otherwise normalized legal name. Sponsor name does not establish the original donor. Separate duplicate filing versions are retained and flagged.",legal-grantee,USD,Vanguard,232888152,filed_cash_grant,,202511349349313096,HORIZON,2024-06-30,2023-07-01,FOR RECIPIENT'S EXEMPT PURPOSE,874657441,HORIZON INSTITUTE FOR PUBLIC SERVICE,DAF_sponsor_unspecified_fund,10008,yes,"{""CashGrantAmt[1]"": ""3,398,603"", ""IRCSectionDesc[1]"": ""501(C)3"", ""NonCashAssistanceDesc[1]"": ""N/A"", ""PurposeOfGrantTxt[1]"": ""FOR RECIPIENT'S EXEMPT PURPOSE"", ""RecipientBusinessName[1]/BusinessNameLine1Txt[1]"": ""HORIZON INSTITUTE FOR PUBLIC SERVICE"", ""RecipientEIN[1]"": ""87-4657441"", ""USAddress[1]/AddressLine1Txt[1]"": ""1201 CONNECTICUT AVE NW 200H"", ""USAddress[1]/CityNm[1]"": ""WASHINGTON"", ""USAddress[1]/StateAbbreviationCd[1]"": ""DC"", ""USAddress[1]/ZIPCd[1]"": ""20036"", ""ValuationMethodUsedDesc[1]"": ""FMV""}",sources/schedule-202511349349313096.html,KEEP
G-232888152-202511349349313096-16381,64000,https://projects.propublica.org/nonprofits/full_text/202511349349313096/IRS990ScheduleI,2026-09-14,"64,000","Filed cash disbursement. Grantee matched by EIN when supplied, otherwise normalized legal name. Sponsor name does not establish the original donor. Separate duplicate filing versions are retained and flagged.",legal-grantee,USD,Vanguard,232888152,filed_cash_grant,,202511349349313096,PCF,2024-06-30,2023-07-01,FOR RECIPIENT'S EXEMPT PURPOSE,521263996,PUBLIC CITIZEN FOUNDATION INC,DAF_sponsor_unspecified_fund,16381,yes,"{""CashGrantAmt[1]"": ""64,000"", ""IRCSectionDesc[1]"": ""501(C)3"", ""NonCashAssistanceDesc[1]"": ""N/A"", ""PurposeOfGrantTxt[1]"": ""FOR RECIPIENT'S EXEMPT PURPOSE"", ""RecipientBusinessName[1]/BusinessNameLine1Txt[1]"": ""PUBLIC CITIZEN FOUNDATION INC"", ""RecipientEIN[1]"": ""52-1263996"", ""USAddress[1]/AddressLine1Txt[1]"": ""1600 20TH ST NW"", ""USAddress[1]/CityNm[1]"": ""WASHINGTON"", ""USAddress[1]/StateAbbreviationCd[1]"": ""DC"", ""USAddress[1]/ZIPCd[1]"": ""20009"", ""ValuationMethodUsedDesc[1]"": ""FMV""}",sources/schedule-202511349349313096.html,KEEP
G-232888152-202441359349309439-14610,29050,https://projects.propublica.org/nonprofits/full_text/202441359349309439/IRS990ScheduleI,2026-09-14,"29,050","Filed cash disbursement. Grantee matched by EIN when supplied, otherwise normalized legal name. Sponsor name does not establish the original donor. Separate duplicate filing versions are retained and flagged.",legal-grantee,USD,Vanguard,232888152,filed_cash_grant,,202441359349309439,PCF,2023-06-30,2022-07-01,FOR RECIPIENT'S EXEMPT PURPOSE,521263996,PUBLIC CITIZEN FOUNDATION INC,DAF_sponsor_unspecified_fund,14610,yes,"{""CashGrantAmt[1]"": ""29,050"", ""IRCSectionDesc[1]"": ""501(C)3"", ""NonCashAssistanceDesc[1]"": ""N/A"", ""PurposeOfGrantTxt[1]"": ""FOR RECIPIENT'S EXEMPT PURPOSE"", ""RecipientBusinessName[1]/BusinessNameLine1Txt[1]"": ""PUBLIC CITIZEN FOUNDATION INC"", ""RecipientEIN[1]"": ""52-1263996"", ""USAddress[1]/AddressLine1Txt[1]"": ""1600 20TH ST NW"", ""USAddress[1]/CityNm[1]"": ""WASHINGTON"", ""USAddress[1]/StateAbbreviationCd[1]"": ""DC"", ""USAddress[1]/ZIPCd[1]"": ""20009"", ""ValuationMethodUsedDesc[1]"": ""FMV""}",sources/schedule-202441359349309439.html,KEEP
G-232888152-202331359349303108-9468,30000,https://projects.propublica.org/nonprofits/full_text/202331359349303108/IRS990ScheduleI,2026-09-14,"30,000","Filed cash disbursement. Grantee matched by EIN when supplied, otherwise normalized legal name. Sponsor name does not establish the original donor. Separate duplicate filing versions are retained and flagged.",legal-grantee,USD,Vanguard,232888152,filed_cash_grant,,202331359349303108,ITIF,2022-06-30,2021-07-01,For recipient's exempt purpose,204403497,Information Technology And Innovation Foundation,DAF_sponsor_unspecified_fund,9468,yes,"{""CashGrantAmt[1]"": ""30,000"", ""IRCSectionDesc[1]"": ""501 (C) 3"", ""NonCashAssistanceDesc[1]"": ""N/A"", ""PurposeOfGrantTxt[1]"": ""For recipient's exempt purpose"", ""RecipientBusinessName[1]/BusinessNameLine1Txt[1]"": ""Information Technology And Innovation Foundation"", ""RecipientEIN[1]"": ""20-4403497"", ""USAddress[1]/AddressLine1Txt[1]"": ""700 K St NW Ste 600"", ""USAddress[1]/CityNm[1]"": ""Washington"", ""USAddress[1]/StateAbbreviationCd[1]"": ""DC"", ""USAddress[1]/ZIPCd[1]"": ""20001"", ""ValuationMethodUsedDesc[1]"": ""FMV""}",sources/schedule-202331359349303108.html,KEEP
G-232888152-202331359349303108-14880,56700,https://projects.propublica.org/nonprofits/full_text/202331359349303108/IRS990ScheduleI,2026-09-14,"56,700","Filed cash disbursement. Grantee matched by EIN when supplied, otherwise normalized legal name. Sponsor name does not establish the original donor. Separate duplicate filing versions are retained and flagged.",legal-grantee,USD,Vanguard,232888152,filed_cash_grant,,202331359349303108,PCF,2022-06-30,2021-07-01,For recipient's exempt purpose,521263996,Public Citizen Foundation Inc,DAF_sponsor_unspecified_fund,14880,yes,"{""CashGrantAmt[1]"": ""56,700"", ""IRCSectionDesc[1]"": ""501 (C) 3"", ""NonCashAssistanceDesc[1]"": ""N/A"", ""PurposeOfGrantTxt[1]"": ""For recipient's exempt purpose"", ""RecipientBusinessName[1]/BusinessNameLine1Txt[1]"": ""Public Citizen Foundation Inc"", ""RecipientEIN[1]"": ""52-1263996"", ""USAddress[1]/AddressLine1Txt[1]"": ""1600 20th St NW"", ""USAddress[1]/CityNm[1]"": ""Washington"", ""USAddress[1]/StateAbbreviationCd[1]"": ""DC"", ""USAddress[1]/ZIPCd[1]"": ""20009"", ""ValuationMethodUsedDesc[1]"": ""FMV""}",sources/schedule-202331359349303108.html,KEEP
G-232888152-202211339349310116-8530,13200,https://projects.propublica.org/nonprofits/full_text/202211339349310116/IRS990ScheduleI,2026-09-14,"13,200","Filed cash disbursement. Grantee matched by EIN when supplied, otherwise normalized legal name. Sponsor name does not establish the original donor. Separate duplicate filing versions are retained and flagged.",legal-grantee,USD,Vanguard,232888152,filed_cash_grant,,202211339349310116,ITIF,2021-06-30,2020-07-01,FOR RECIPIENT'S EXEMPT PURPOSE,204403497,INFORMATION TECHNOLOGY ANDINNOVATION FOUNDATION,DAF_sponsor_unspecified_fund,8530,yes,"{""CashGrantAmt[1]"": ""13,200"", ""IRCSectionDesc[1]"": ""501 (C) 3"", ""NonCashAssistanceDesc[1]"": ""N/A"", ""PurposeOfGrantTxt[1]"": ""FOR RECIPIENT'S EXEMPT PURPOSE"", ""RecipientBusinessName[1]/BusinessNameLine1Txt[1]"": ""INFORMATION TECHNOLOGY ANDINNOVATION FOUNDATION"", ""RecipientEIN[1]"": ""20-4403497"", ""USAddress[1]/AddressLine1Txt[1]"": ""700 K ST NW STE 600"", ""USAddress[1]/CityNm[1]"": ""WASHINGTON"", ""USAddress[1]/StateAbbreviationCd[1]"": ""DC"", ""USAddress[1]/ZIPCd[1]"": ""20001"", ""ValuationMethodUsedDesc[1]"": ""FMV""}",sources/schedule-202211339349310116.html,KEEP
G-232888152-202211339349310116-13366,63200,https://projects.propublica.org/nonprofits/full_text/202211339349310116/IRS990ScheduleI,2026-09-14,"63,200","Filed cash disbursement. Grantee matched by EIN when supplied, otherwise normalized legal name. Sponsor name does not establish the original donor. Separate duplicate filing versions are retained and flagged.",legal-grantee,USD,Vanguard,232888152,filed_cash_grant,,202211339349310116,PCF,2021-06-30,2020-07-01,FOR RECIPIENT'S EXEMPT PURPOSE,521263996,PUBLIC CITIZEN FOUNDATION INC,DAF_sponsor_unspecified_fund,13366,yes,"{""CashGrantAmt[1]"": ""63,200"", ""IRCSectionDesc[1]"": ""501 (C) 3"", ""NonCashAssistanceDesc[1]"": ""N/A"", ""PurposeOfGrantTxt[1]"": ""FOR RECIPIENT'S EXEMPT PURPOSE"", ""RecipientBusinessName[1]/BusinessNameLine1Txt[1]"": ""PUBLIC CITIZEN FOUNDATION INC"", ""RecipientEIN[1]"": ""52-1263996"", ""USAddress[1]/AddressLine1Txt[1]"": ""1600 20TH ST NW"", ""USAddress[1]/CityNm[1]"": ""WASHINGTON"", ""USAddress[1]/StateAbbreviationCd[1]"": ""DC"", ""USAddress[1]/ZIPCd[1]"": ""20009"", ""ValuationMethodUsedDesc[1]"": ""FMV""}",sources/schedule-202211339349310116.html,KEEP
G-237825575-202601289349302480-6636,10000,https://projects.propublica.org/nonprofits/full_text/202601289349302480/IRS990ScheduleI,2026-09-14,"10,000","Filed cash disbursement. Grantee matched by EIN when supplied, otherwise normalized legal name. Sponsor name does not establish the original donor. Separate duplicate filing versions are retained and flagged.",legal-grantee,USD,NPT,237825575,filed_cash_grant,0,202601289349302480,FAS,2025-06-30,2024-07-01,INTERNATIONAL,237185827,FEDERATION OF AMERICAN SCIENTISTS,DAF_sponsor_unspecified_fund,6636,yes,"{""CashGrantAmt[1]"": ""10,000"", ""IRCSectionDesc[1]"": ""501(C)(3)"", ""NonCashAssistanceAmt[1]"": ""0"", ""PurposeOfGrantTxt[1]"": ""INTERNATIONAL"", ""RecipientBusinessName[1]/BusinessNameLine1Txt[1]"": ""FEDERATION OF AMERICAN SCIENTISTS"", ""RecipientEIN[1]"": ""23-7185827"", ""USAddress[1]/AddressLine1Txt[1]"": ""1150 18TH STREET NW SUITE 1000"", ""USAddress[1]/CityNm[1]"": ""WASHINGTON"", ""USAddress[1]/StateAbbreviationCd[1]"": ""ME"", ""USAddress[1]/ZIPCd[1]"": ""04976""}",sources/schedule-202601289349302480.html,KEEP
G-237825575-202601289349302480-15381,26500,https://projects.propublica.org/nonprofits/full_text/202601289349302480/IRS990ScheduleI,2026-09-14,"26,500","Filed cash disbursement. Grantee matched by EIN when supplied, otherwise normalized legal name. Sponsor name does not establish the original donor. Separate duplicate filing versions are retained and flagged.",legal-grantee,USD,NPT,237825575,filed_cash_grant,0,202601289349302480,PCF,2025-06-30,2024-07-01,"PUBLIC, SOCIETAL BENEFIT",521263996,PUBLIC CITIZEN FOUNDATION,DAF_sponsor_unspecified_fund,15381,yes,"{""CashGrantAmt[1]"": ""26,500"", ""IRCSectionDesc[1]"": ""501(C)(3)"", ""NonCashAssistanceAmt[1]"": ""0"", ""PurposeOfGrantTxt[1]"": ""PUBLIC, SOCIETAL BENEFIT"", ""RecipientBusinessName[1]/BusinessNameLine1Txt[1]"": ""PUBLIC CITIZEN FOUNDATION"", ""RecipientEIN[1]"": ""52-1263996"", ""USAddress[1]/AddressLine1Txt[1]"": ""1600 20TH STREET NW"", ""USAddress[1]/CityNm[1]"": ""WASHINGTON"", ""USAddress[1]/StateAbbreviationCd[1]"": ""DC"", ""USAddress[1]/ZIPCd[1]"": ""20009""}",sources/schedule-202601289349302480.html,KEEP
G-237825575-202601289349302480-16234,345000,https://projects.propublica.org/nonprofits/full_text/202601289349302480/IRS990ScheduleI,2026-09-14,"345,000","Filed cash disbursement. Grantee matched by EIN when supplied, otherwise normalized legal name. Sponsor name does not establish the original donor. Separate duplicate filing versions are retained and flagged.",legal-grantee,USD,NPT,237825575,filed_cash_grant,0,202601289349302480,SAIF,2025-06-30,2024-07-01,EDUCATION,934950919,SAFE ARTIFICIAL INTELLIGENCE FORUM INSTITUTE,DAF_sponsor_unspecified_fund,16234,yes,"{""CashGrantAmt[1]"": ""345,000"", ""IRCSectionDesc[1]"": ""501(C)(3)"", ""NonCashAssistanceAmt[1]"": ""0"", ""PurposeOfGrantTxt[1]"": ""EDUCATION"", ""RecipientBusinessName[1]/BusinessNameLine1Txt[1]"": ""SAFE ARTIFICIAL INTELLIGENCE FORUM INSTITUTE"", ""RecipientEIN[1]"": ""93-4950919"", ""USAddress[1]/AddressLine1Txt[1]"": ""1085 FULTON STREET 3048"", ""USAddress[1]/CityNm[1]"": ""BROOKLYN"", ""USAddress[1]/StateAbbreviationCd[1]"": ""NY"", ""USAddress[1]/ZIPCd[1]"": ""11238""}",sources/schedule-202601289349302480.html,KEEP
G-237825575-202601289349302480-18630,280000,https://projects.propublica.org/nonprofits/full_text/202601289349302480/IRS990ScheduleI,2026-09-14,"280,000","Filed cash disbursement. Grantee matched by EIN when supplied, otherwise normalized legal name. Sponsor name does not establish the original donor. Separate duplicate filing versions are retained and flagged.",legal-grantee,USD,NPT,237825575,filed_cash_grant,0,202601289349302480,TECHFREEDOM,2025-06-30,2024-07-01,"ENVIRONMENT, ANIMALS",273567814,TECHFREEDOM,DAF_sponsor_unspecified_fund,18630,yes,"{""CashGrantAmt[1]"": ""280,000"", ""IRCSectionDesc[1]"": ""501(C)(3)"", ""NonCashAssistanceAmt[1]"": ""0"", ""PurposeOfGrantTxt[1]"": ""ENVIRONMENT, ANIMALS"", ""RecipientBusinessName[1]/BusinessNameLine1Txt[1]"": ""TECHFREEDOM"", ""RecipientEIN[1]"": ""27-3567814"", ""USAddress[1]/AddressLine1Txt[1]"": ""1500 K ST NW FL 2"", ""USAddress[1]/CityNm[1]"": ""WASHINGTON"", ""USAddress[1]/StateAbbreviationCd[1]"": ""DC"", ""USAddress[1]/ZIPCd[1]"": ""20005""}",sources/schedule-202601289349302480.html,KEEP
G-237825575-202511339349301311-5539,25000,https://projects.propublica.org/nonprofits/full_text/202511339349301311/IRS990ScheduleI,2026-09-14,"25,000","Filed cash disbursement. Grantee matched by EIN when supplied, otherwise normalized legal name. Sponsor name does not establish the original donor. Separate duplicate filing versions are retained and flagged.",legal-grantee,USD,NPT,237825575,filed_cash_grant,0,202511339349301311,FAS,2024-06-30,2023-07-01,RELIGION,237185827,FEDERATION OF AMERICAN SCIENTISTS,DAF_sponsor_unspecified_fund,5539,yes,"{""CashGrantAmt[1]"": ""25,000"", ""IRCSectionDesc[1]"": ""501(C)(3)"", ""NonCashAssistanceAmt[1]"": ""0"", ""PurposeOfGrantTxt[1]"": ""RELIGION"", ""RecipientBusinessName[1]/BusinessNameLine1Txt[1]"": ""FEDERATION OF AMERICAN SCIENTISTS"", ""RecipientEIN[1]"": ""23-7185827"", ""USAddress[1]/AddressLine1Txt[1]"": ""1112 16TH ST NW STE 400"", ""USAddress[1]/CityNm[1]"": ""WASHINGTON"", ""USAddress[1]/StateAbbreviationCd[1]"": ""DC"", ""USAddress[1]/ZIPCd[1]"": ""20036""}",sources/schedule-202511339349301311.html,KEEP
G-237825575-202511339349301311-7801,7527232,https://projects.propublica.org/nonprofits/full_text/202511339349301311/IRS990ScheduleI,2026-09-14,"7,527,232","Filed cash disbursement. Grantee matched by EIN when supplied, otherwise normalized legal name. Sponsor name does not establish the original donor. Separate duplicate filing versions are retained and flagged.",legal-grantee,USD,NPT,237825575,filed_cash_grant,0,202511339349301311,HORIZON,2024-06-30,2023-07-01,HEALTH,874657441,HORIZON INSTITUTE FOR PUBLIC SERVICE,DAF_sponsor_unspecified_fund,7801,yes,"{""CashGrantAmt[1]"": ""7,527,232"", ""IRCSectionDesc[1]"": ""501(C)(3)"", ""NonCashAssistanceAmt[1]"": ""0"", ""PurposeOfGrantTxt[1]"": ""HEALTH"", ""RecipientBusinessName[1]/BusinessNameLine1Txt[1]"": ""HORIZON INSTITUTE FOR PUBLIC SERVICE"", ""RecipientEIN[1]"": ""87-4657441"", ""USAddress[1]/AddressLine1Txt[1]"": ""1201 CONNECTICUT AVE NW200H"", ""USAddress[1]/CityNm[1]"": ""WASHINGTON"", ""USAddress[1]/StateAbbreviationCd[1]"": ""DC"", ""USAddress[1]/ZIPCd[1]"": ""20036""}",sources/schedule-202511339349301311.html,KEEP
G-237825575-202431429349301368-2229,222000,https://projects.propublica.org/nonprofits/full_text/202431429349301368/IRS990ScheduleI,2026-09-14,"222,000","Filed cash disbursement. Grantee matched by EIN when supplied, otherwise normalized legal name. Sponsor name does not establish the original donor. Separate duplicate filing versions are retained and flagged.",legal-grantee,USD,NPT,237825575,filed_cash_grant,0,202431429349301368,CAIS,2023-06-30,2022-07-01,"PUBLIC, SOCIETAL BENEFIT",881751310,CENTER FOR ARTIFICIAL INTELLIGENCE SAFETY INC,DAF_sponsor_unspecified_fund,2229,yes,"{""CashGrantAmt[1]"": ""222,000"", ""IRCSectionDesc[1]"": ""501(C)(3)"", ""NonCashAssistanceAmt[1]"": ""0"", ""PurposeOfGrantTxt[1]"": ""PUBLIC, SOCIETAL BENEFIT"", ""RecipientBusinessName[1]/BusinessNameLine1Txt[1]"": ""CENTER FOR ARTIFICIAL INTELLIGENCE SAFETY INC"", ""RecipientEIN[1]"": ""88-1751310"", ""USAddress[1]/AddressLine1Txt[1]"": ""505 MONTGOMERY ST FL 11"", ""USAddress[1]/CityNm[1]"": ""SAN FRANCISCO"", ""USAddress[1]/StateAbbreviationCd[1]"": ""CA"", ""USAddress[1]/ZIPCd[1]"": ""94111""}",sources/schedule-202431429349301368.html,KEEP
G-237825575-202431429349301368-4513,298800,https://projects.propublica.org/nonprofits/full_text/202431429349301368/IRS990ScheduleI,2026-09-14,"298,800","Filed cash disbursement. Grantee matched by EIN when supplied, otherwise normalized legal name. Sponsor name does not establish the original donor. Separate duplicate filing versions are retained and flagged.",legal-grantee,USD,NPT,237825575,filed_cash_grant,0,202431429349301368,FAS,2023-06-30,2022-07-01,"PUBLIC, SOCIETAL BENEFIT",237185827,FEDERATION OF AMERICAN SCIENTISTS,DAF_sponsor_unspecified_fund,4513,yes,"{""CashGrantAmt[1]"": ""298,800"", ""IRCSectionDesc[1]"": ""501(C)(3)"", ""NonCashAssistanceAmt[1]"": ""0"", ""PurposeOfGrantTxt[1]"": ""PUBLIC, SOCIETAL BENEFIT"", ""RecipientBusinessName[1]/BusinessNameLine1Txt[1]"": ""FEDERATION OF AMERICAN SCIENTISTS"", ""RecipientEIN[1]"": ""23-7185827"", ""USAddress[1]/AddressLine1Txt[1]"": ""1112 16TH ST NW STE 600"", ""USAddress[1]/CityNm[1]"": ""WASHINGTON"", ""USAddress[1]/StateAbbreviationCd[1]"": ""DC"", ""USAddress[1]/ZIPCd[1]"": ""20036""}",sources/schedule-202431429349301368.html,KEEP
G-237825575-202431429349301368-10514,5250,https://projects.propublica.org/nonprofits/full_text/202431429349301368/IRS990ScheduleI,2026-09-14,"5,250","Filed cash disbursement. Grantee matched by EIN when supplied, otherwise normalized legal name. Sponsor name does not establish the original donor. Separate duplicate filing versions are retained and flagged.",legal-grantee,USD,NPT,237825575,filed_cash_grant,0,202431429349301368,PCF,2023-06-30,2022-07-01,"PUBLIC, SOCIETAL BENEFIT",521263996,PUBLIC CITIZEN FOUNDATION INC,DAF_sponsor_unspecified_fund,10514,yes,"{""CashGrantAmt[1]"": ""5,250"", ""IRCSectionDesc[1]"": ""501(C)(3)"", ""NonCashAssistanceAmt[1]"": ""0"", ""PurposeOfGrantTxt[1]"": ""PUBLIC, SOCIETAL BENEFIT"", ""RecipientBusinessName[1]/BusinessNameLine1Txt[1]"": ""PUBLIC CITIZEN FOUNDATION INC"", ""RecipientEIN[1]"": ""52-1263996"", ""USAddress[1]/AddressLine1Txt[1]"": ""1600 20TH STREET NW"", ""USAddress[1]/CityNm[1]"": ""WASHINGTON"", ""USAddress[1]/StateAbbreviationCd[1]"": ""DC"", ""USAddress[1]/ZIPCd[1]"": ""20009""}",sources/schedule-202431429349301368.html,KEEP
G-237825575-202311359349313966-4458,310000,https://projects.propublica.org/nonprofits/full_text/202311359349313966/IRS990ScheduleI,2026-09-14,"310,000","Filed cash disbursement. Grantee matched by EIN when supplied, otherwise normalized legal name. Sponsor name does not establish the original donor. Separate duplicate filing versions are retained and flagged.",legal-grantee,USD,NPT,237825575,filed_cash_grant,0,202311359349313966,FAS,2022-06-30,2021-07-01,"PUBLIC, SOCIETAL BENEFIT",237185827,FEDERATION OF AMERICAN SCIENTISTS,DAF_sponsor_unspecified_fund,4458,yes,"{""CashGrantAmt[1]"": ""310,000"", ""IRCSectionDesc[1]"": ""501(C)(3)"", ""NonCashAssistanceAmt[1]"": ""0"", ""PurposeOfGrantTxt[1]"": ""PUBLIC, SOCIETAL BENEFIT"", ""RecipientBusinessName[1]/BusinessNameLine1Txt[1]"": ""FEDERATION OF AMERICAN SCIENTISTS"", ""RecipientEIN[1]"": ""23-7185827"", ""USAddress[1]/AddressLine1Txt[1]"": ""1112 16TH ST NW STE 400"", ""USAddress[1]/CityNm[1]"": ""WASHINGTON"", ""USAddress[1]/StateAbbreviationCd[1]"": ""DC"", ""USAddress[1]/ZIPCd[1]"": ""20036""}",sources/schedule-202311359349313966.html,KEEP
G-237825575-202311359349313966-6461,5750,https://projects.propublica.org/nonprofits/full_text/202311359349313966/IRS990ScheduleI,2026-09-14,"5,750","Filed cash disbursement. Grantee matched by EIN when supplied, otherwise normalized legal name. Sponsor name does not establish the original donor. Separate duplicate filing versions are retained and flagged.",legal-grantee,USD,NPT,237825575,filed_cash_grant,0,202311359349313966,ITIF,2022-06-30,2021-07-01,"PUBLIC, SOCIETAL BENEFIT",204403497,INFORMATION TECHNOLOGY AND INNOVATION FOUNDATION,DAF_sponsor_unspecified_fund,6461,yes,"{""CashGrantAmt[1]"": ""5,750"", ""IRCSectionDesc[1]"": ""501(C)(3)"", ""NonCashAssistanceAmt[1]"": ""0"", ""PurposeOfGrantTxt[1]"": ""PUBLIC, SOCIETAL BENEFIT"", ""RecipientBusinessName[1]/BusinessNameLine1Txt[1]"": ""INFORMATION TECHNOLOGY AND INNOVATION FOUNDATION"", ""RecipientEIN[1]"": ""20-4403497"", ""USAddress[1]/AddressLine1Txt[1]"": ""700 K ST NW STE 600"", ""USAddress[1]/CityNm[1]"": ""WASHINGTON"", ""USAddress[1]/StateAbbreviationCd[1]"": ""DC"", ""USAddress[1]/ZIPCd[1]"": ""20001""}",sources/schedule-202311359349313966.html,KEEP
G-237825575-202311359349313966-10305,5750,https://projects.propublica.org/nonprofits/full_text/202311359349313966/IRS990ScheduleI,2026-09-14,"5,750","Filed cash disbursement. Grantee matched by EIN when supplied, otherwise normalized legal name. Sponsor name does not establish the original donor. Separate duplicate filing versions are retained and flagged.",legal-grantee,USD,NPT,237825575,filed_cash_grant,0,202311359349313966,PCF,2022-06-30,2021-07-01,"PUBLIC, SOCIETAL BENEFIT",521263996,PUBLIC CITIZEN FOUNDATION INC,DAF_sponsor_unspecified_fund,10305,yes,"{""CashGrantAmt[1]"": ""5,750"", ""IRCSectionDesc[1]"": ""501(C)(3)"", ""NonCashAssistanceAmt[1]"": ""0"", ""PurposeOfGrantTxt[1]"": ""PUBLIC, SOCIETAL BENEFIT"", ""RecipientBusinessName[1]/BusinessNameLine1Txt[1]"": ""PUBLIC CITIZEN FOUNDATION INC"", ""RecipientEIN[1]"": ""52-1263996"", ""USAddress[1]/AddressLine1Txt[1]"": ""1600 20TH STREET NW"", ""USAddress[1]/CityNm[1]"": ""WASHINGTON"", ""USAddress[1]/StateAbbreviationCd[1]"": ""DC"", ""USAddress[1]/ZIPCd[1]"": ""20009""}",sources/schedule-202311359349313966.html,KEEP
G-237825575-202231339349309863-8571,131000,https://projects.propublica.org/nonprofits/full_text/202231339349309863/IRS990ScheduleI,2026-09-14,"131,000","Filed cash disbursement. Grantee matched by EIN when supplied, otherwise normalized legal name. Sponsor name does not establish the original donor. Separate duplicate filing versions are retained and flagged.",legal-grantee,USD,NPT,237825575,filed_cash_grant,,202231339349309863,PCF,2021-06-30,2020-07-01,"PUBLIC, SOCIETAL BENEFIT",521263996,PUBLIC CITIZEN FOUNDATION INC,DAF_sponsor_unspecified_fund,8571,yes,"{""CashGrantAmt[1]"": ""131,000"", ""IRCSectionDesc[1]"": ""501(C)(3)"", ""PurposeOfGrantTxt[1]"": ""PUBLIC, SOCIETAL BENEFIT"", ""RecipientBusinessName[1]/BusinessNameLine1Txt[1]"": ""PUBLIC CITIZEN FOUNDATION INC"", ""RecipientEIN[1]"": ""52-1263996"", ""USAddress[1]/AddressLine1Txt[1]"": ""1600 20TH STREET NW"", ""USAddress[1]/CityNm[1]"": ""WASHINGTON"", ""USAddress[1]/StateAbbreviationCd[1]"": ""DC"", ""USAddress[1]/ZIPCd[1]"": ""20009""}",sources/schedule-202231339349309863.html,KEEP
G-237825575-202121459349300307-9411,7750,https://projects.propublica.org/nonprofits/full_text/202121459349300307/IRS990ScheduleI,2026-09-14,"7,750","Filed cash disbursement. Grantee matched by EIN when supplied, otherwise normalized legal name. Sponsor name does not establish the original donor. Separate duplicate filing versions are retained and flagged.",legal-grantee,USD,NPT,237825575,filed_cash_grant,,202121459349300307,PCF,2020-06-30,2019-07-01,"PUBLIC, SOCIETAL BENEFIT",521263996,PUBLIC CITIZEN FOUNDATION,DAF_sponsor_unspecified_fund,9411,yes,"{""CashGrantAmt[1]"": ""7,750"", ""IRCSectionDesc[1]"": ""501(C)(3)"", ""PurposeOfGrantTxt[1]"": ""PUBLIC, SOCIETAL BENEFIT"", ""RecipientBusinessName[1]/BusinessNameLine1Txt[1]"": ""PUBLIC CITIZEN FOUNDATION"", ""RecipientEIN[1]"": ""52-1263996"", ""USAddress[1]/AddressLine1Txt[1]"": ""1600 20TH ST NW"", ""USAddress[1]/CityNm[1]"": ""WASHINGTON"", ""USAddress[1]/StateAbbreviationCd[1]"": ""DC"", ""USAddress[1]/ZIPCd[1]"": ""200091001""}",sources/schedule-202121459349300307.html,KEEP
G-237825575-202011979349306246-3394,227550,https://projects.propublica.org/nonprofits/full_text/202011979349306246/IRS990ScheduleI,2026-09-14,"227,550","Filed cash disbursement. Grantee matched by EIN when supplied, otherwise normalized legal name. Sponsor name does not establish the original donor. Separate duplicate filing versions are retained and flagged.",legal-grantee,USD,NPT,237825575,filed_cash_grant,,202011979349306246,ITIF,2019-06-30,2018-07-01,"PUBLIC, SOCIETAL BENEFIT",204403497,INFORMATION TECHNOLOGY AND INNOVATION FOUNDATION,DAF_sponsor_unspecified_fund,3394,yes,"{""CashGrantAmt[1]"": ""227,550"", ""IRCSectionDesc[1]"": ""501(C)(3)"", ""PurposeOfGrantTxt[1]"": ""PUBLIC, SOCIETAL BENEFIT"", ""RecipientBusinessName[1]/BusinessNameLine1Txt[1]"": ""INFORMATION TECHNOLOGY AND INNOVATION FOUNDATION"", ""RecipientEIN[1]"": ""20-4403497"", ""USAddress[1]/AddressLine1Txt[1]"": ""1101 K STREET NW SUITE 610"", ""USAddress[1]/CityNm[1]"": ""WASHINGTON"", ""USAddress[1]/StateAbbreviationCd[1]"": ""DC"", ""USAddress[1]/ZIPCd[1]"": ""20005""}",sources/schedule-202011979349306246.html,KEEP
G-237825575-202011979349306246-5481,6500,https://projects.propublica.org/nonprofits/full_text/202011979349306246/IRS990ScheduleI,2026-09-14,"6,500","Filed cash disbursement. Grantee matched by EIN when supplied, otherwise normalized legal name. Sponsor name does not establish the original donor. Separate duplicate filing versions are retained and flagged.",legal-grantee,USD,NPT,237825575,filed_cash_grant,,202011979349306246,PCF,2019-06-30,2018-07-01,"PUBLIC, SOCIETAL BENEFIT",521263996,PUBLIC CITIZEN FOUNDATION INC,DAF_sponsor_unspecified_fund,5481,yes,"{""CashGrantAmt[1]"": ""6,500"", ""IRCSectionDesc[1]"": ""501(C)(3)"", ""PurposeOfGrantTxt[1]"": ""PUBLIC, SOCIETAL BENEFIT"", ""RecipientBusinessName[1]/BusinessNameLine1Txt[1]"": ""PUBLIC CITIZEN FOUNDATION INC"", ""RecipientEIN[1]"": ""52-1263996"", ""USAddress[1]/AddressLine1Txt[1]"": ""1600 20TH ST NW"", ""USAddress[1]/CityNm[1]"": ""WASHINGTON"", ""USAddress[1]/StateAbbreviationCd[1]"": ""DC"", ""USAddress[1]/ZIPCd[1]"": ""200091001""}",sources/schedule-202011979349306246.html,KEEP
G-271716101-202543119349300534-28,365000,https://projects.propublica.org/nonprofits/full_text/202543119349300534/IRS990ScheduleI,2026-09-14,"365,000","Filed cash disbursement. Grantee matched by EIN when supplied, otherwise normalized legal name. Sponsor name does not establish the original donor. Separate duplicate filing versions are retained and flagged.",legal-grantee,USD,NetChoice,271716101,filed_cash_grant,,202543119349300534,TECHFREEDOM,2024-12-31,2024-01-01,general support,273567814,Tech Freedom,direct_named_institution,28,yes,"{""CashGrantAmt[1]"": ""365,000"", ""IRCSectionDesc[1]"": ""501c3"", ""PurposeOfGrantTxt[1]"": ""general support"", ""RecipientBusinessName[1]/BusinessNameLine1Txt[1]"": ""Tech Freedom"", ""RecipientEIN[1]"": ""27-3567814"", ""USAddress[1]/AddressLine1Txt[1]"": ""1500 K St NW Ste FL 2"", ""USAddress[1]/CityNm[1]"": ""Washington"", ""USAddress[1]/StateAbbreviationCd[1]"": ""DC"", ""USAddress[1]/ZIPCd[1]"": ""20005"", ""ValuationMethodUsedDesc[1]"": ""cash""}",sources/schedule-202543119349300534.html,KEEP
G-271716101-202442499349300104-26,250000,https://projects.propublica.org/nonprofits/full_text/202442499349300104/IRS990ScheduleI,2026-09-14,"250,000","Filed cash disbursement. Grantee matched by EIN when supplied, otherwise normalized legal name. Sponsor name does not establish the original donor. Separate duplicate filing versions are retained and flagged.",legal-grantee,USD,NetChoice,271716101,filed_cash_grant,0,202442499349300104,TECHFREEDOM,2023-12-31,2023-01-01,general support,273567814,Tech Freedom,direct_named_institution,26,yes,"{""CashGrantAmt[1]"": ""250,000"", ""IRCSectionDesc[1]"": ""501c3"", ""NonCashAssistanceAmt[1]"": ""0"", ""PurposeOfGrantTxt[1]"": ""general support"", ""RecipientBusinessName[1]/BusinessNameLine1Txt[1]"": ""Tech Freedom"", ""RecipientEIN[1]"": ""27-3567814"", ""USAddress[1]/AddressLine1Txt[1]"": ""1500 K St NW Floor 2 Washington D S"", ""USAddress[1]/CityNm[1]"": ""Washington"", ""USAddress[1]/StateAbbreviationCd[1]"": ""DC"", ""USAddress[1]/ZIPCd[1]"": ""20005"", ""ValuationMethodUsedDesc[1]"": ""actual""}",sources/schedule-202442499349300104.html,KEEP
G-271716101-202343009349300919-18,450000,https://projects.propublica.org/nonprofits/full_text/202343009349300919/IRS990ScheduleI,2026-09-14,"450,000","Filed cash disbursement. Grantee matched by EIN when supplied, otherwise normalized legal name. Sponsor name does not establish the original donor. Separate duplicate filing versions are retained and flagged.",legal-grantee,USD,NetChoice,271716101,filed_cash_grant,0,202343009349300919,TECHFREEDOM,2022-12-31,2022-01-01,general support,,Tech Freedom,direct_named_institution,18,yes,"{""CashGrantAmt[1]"": ""450,000"", ""IRCSectionDesc[1]"": ""501c3"", ""NonCashAssistanceAmt[1]"": ""0"", ""PurposeOfGrantTxt[1]"": ""general support"", ""RecipientBusinessName[1]/BusinessNameLine1Txt[1]"": ""Tech Freedom"", ""USAddress[1]/AddressLine1Txt[1]"": ""110 Maryland Ave NE Ste 205"", ""USAddress[1]/CityNm[1]"": ""Washington"", ""USAddress[1]/StateAbbreviationCd[1]"": ""DC"", ""USAddress[1]/ZIPCd[1]"": ""20002""}",sources/schedule-202343009349300919.html,KEEP
G-461008520-202641359349102829-46,3000000,https://projects.propublica.org/nonprofits/full_text/202641359349102829/IRS990PF,2026-09-14,"3,000,000","Filed cash disbursement. Grantee matched by EIN when supplied, otherwise normalized legal name. Sponsor name does not establish the original donor. Separate duplicate filing versions are retained and flagged.",legal-grantee,USD,Good Ventures,461008520,filed_cash_grant,,202641359349102829,CRI,2025-06-30,2024-07-01,GENERAL SUPPORT,,CENTER FOR RESPONSIBLE INNOVATION LTD,direct_named_institution,46,yes,"{""Amt[1]"": ""3,000,000"", ""GrantOrContributionPurposeTxt[1]"": ""GENERAL SUPPORT"", ""RecipientBusinessName[1]/BusinessNameLine1Txt[1]"": ""CENTER FOR RESPONSIBLE INNOVATION LTD"", ""RecipientFoundationStatusTxt[1]"": ""PC"", ""RecipientUSAddress[1]/AddressLine1Txt[1]"": ""712 H ST NE STE 2486"", ""RecipientUSAddress[1]/CityNm[1]"": ""WASHINGTON"", ""RecipientUSAddress[1]/StateAbbreviationCd[1]"": ""DC"", ""RecipientUSAddress[1]/ZIPCd[1]"": ""20002""}",sources/return-202641359349102829.html,KEEP
G-461008520-202641359349102829-248,100000,https://projects.propublica.org/nonprofits/full_text/202641359349102829/IRS990PF,2026-09-14,"100,000","Filed cash disbursement. Grantee matched by EIN when supplied, otherwise normalized legal name. Sponsor name does not establish the original donor. Separate duplicate filing versions are retained and flagged.",legal-grantee,USD,Good Ventures,461008520,filed_cash_grant,,202641359349102829,SAIF,2025-06-30,2024-07-01,AI SAFETY AND GOVERNANCE WORK,,SAFE ARTIFICIAL INTELLIGENCE FORUM INSTITUTE,direct_named_institution,248,yes,"{""Amt[1]"": ""100,000"", ""GrantOrContributionPurposeTxt[1]"": ""AI SAFETY AND GOVERNANCE WORK"", ""RecipientBusinessName[1]/BusinessNameLine1Txt[1]"": ""SAFE ARTIFICIAL INTELLIGENCE FORUM INSTITUTE"", ""RecipientFoundationStatusTxt[1]"": ""PC"", ""RecipientUSAddress[1]/AddressLine1Txt[1]"": ""367 ST MARKS AVE 1047"", ""RecipientUSAddress[1]/CityNm[1]"": ""BROOKLYN"", ""RecipientUSAddress[1]/StateAbbreviationCd[1]"": ""NY"", ""RecipientUSAddress[1]/ZIPCd[1]"": ""11238""}",sources/return-202641359349102829.html,KEEP
G-461008520-202641359349102829-249,1000000,https://projects.propublica.org/nonprofits/full_text/202641359349102829/IRS990PF,2026-09-14,"1,000,000","Filed cash disbursement. Grantee matched by EIN when supplied, otherwise normalized legal name. Sponsor name does not establish the original donor. Separate duplicate filing versions are retained and flagged.",legal-grantee,USD,Good Ventures,461008520,filed_cash_grant,,202641359349102829,SAIF,2025-06-30,2024-07-01,INTERNATIONAL DIALOGUES AND AI SAFETY EVENT,,SAFE ARTIFICIAL INTELLIGENCE FORUM INSTITUTE,direct_named_institution,249,yes,"{""Amt[1]"": ""1,000,000"", ""GrantOrContributionPurposeTxt[1]"": ""INTERNATIONAL DIALOGUES AND AI SAFETY EVENT"", ""RecipientBusinessName[1]/BusinessNameLine1Txt[1]"": ""SAFE ARTIFICIAL INTELLIGENCE FORUM INSTITUTE"", ""RecipientFoundationStatusTxt[1]"": ""PC"", ""RecipientUSAddress[1]/AddressLine1Txt[1]"": ""367 ST MARKS AVE 1047"", ""RecipientUSAddress[1]/CityNm[1]"": ""BROOKLYN"", ""RecipientUSAddress[1]/StateAbbreviationCd[1]"": ""NY"", ""RecipientUSAddress[1]/ZIPCd[1]"": ""11238""}",sources/return-202641359349102829.html,KEEP
G-461008520-202501349349105365-237,1866559,https://projects.propublica.org/nonprofits/full_text/202501349349105365/IRS990PF,2026-09-14,"1,866,559","Filed cash disbursement. Grantee matched by EIN when supplied, otherwise normalized legal name. Sponsor name does not establish the original donor. Separate duplicate filing versions are retained and flagged.",legal-grantee,USD,Good Ventures,461008520,filed_cash_grant,,202501349349105365,CAIS,2024-06-30,2023-07-01,GENERAL SUPPORT,,THE CENTER FOR AI SAFETY INC,direct_named_institution,237,yes,"{""Amt[1]"": ""1,866,559"", ""GrantOrContributionPurposeTxt[1]"": ""GENERAL SUPPORT"", ""RecipientBusinessName[1]/BusinessNameLine1Txt[1]"": ""THE CENTER FOR AI SAFETY INC"", ""RecipientFoundationStatusTxt[1]"": ""PC"", ""RecipientUSAddress[1]/AddressLine1Txt[1]"": ""505 MONTGOMERY ST FL 10"", ""RecipientUSAddress[1]/CityNm[1]"": ""SAN FRANCISCO"", ""RecipientUSAddress[1]/StateAbbreviationCd[1]"": ""CA"", ""RecipientUSAddress[1]/ZIPCd[1]"": ""94111""}",sources/return-202501349349105365.html,KEEP
G-461008520-202441369349105564-27,5160000,https://projects.propublica.org/nonprofits/full_text/202441369349105564/IRS990PF,2026-09-14,"5,160,000","Filed cash disbursement. Grantee matched by EIN when supplied, otherwise normalized legal name. Sponsor name does not establish the original donor. Separate duplicate filing versions are retained and flagged.",legal-grantee,USD,Good Ventures,461008520,filed_cash_grant,,202441369349105564,CAIS,2023-06-30,2022-07-01,GENERAL SUPPORT,,CENTER FOR AI SAFETY,direct_named_institution,27,yes,"{""Amt[1]"": ""5,160,000"", ""GrantOrContributionPurposeTxt[1]"": ""GENERAL SUPPORT"", ""RecipientBusinessName[1]/BusinessNameLine1Txt[1]"": ""CENTER FOR AI SAFETY"", ""RecipientFoundationStatusTxt[1]"": ""PC"", ""RecipientUSAddress[1]/AddressLine1Txt[1]"": ""505 MONTGOMERY ST FL 10"", ""RecipientUSAddress[1]/CityNm[1]"": ""SAN FRANCISCO"", ""RecipientUSAddress[1]/StateAbbreviationCd[1]"": ""CA"", ""RecipientUSAddress[1]/ZIPCd[1]"": ""94111""}",sources/return-202441369349105564.html,KEEP
G-461008520-202441369349105564-28,4025729,https://projects.propublica.org/nonprofits/full_text/202441369349105564/IRS990PF,2026-09-14,"4,025,729","Filed cash disbursement. Grantee matched by EIN when supplied, otherwise normalized legal name. Sponsor name does not establish the original donor. Separate duplicate filing versions are retained and flagged.",legal-grantee,USD,Good Ventures,461008520,filed_cash_grant,,202441369349105564,CAIS,2023-06-30,2022-07-01,GENERAL SUPPORT,,CENTER FOR AI SAFETY,direct_named_institution,28,yes,"{""Amt[1]"": ""4,025,729"", ""GrantOrContributionPurposeTxt[1]"": ""GENERAL SUPPORT"", ""RecipientBusinessName[1]/BusinessNameLine1Txt[1]"": ""CENTER FOR AI SAFETY"", ""RecipientFoundationStatusTxt[1]"": ""PC"", ""RecipientUSAddress[1]/AddressLine1Txt[1]"": ""505 MONTGOMERY ST FL 10"", ""RecipientUSAddress[1]/CityNm[1]"": ""SAN FRANCISCO"", ""RecipientUSAddress[1]/StateAbbreviationCd[1]"": ""CA"", ""RecipientUSAddress[1]/ZIPCd[1]"": ""94111""}",sources/return-202441369349105564.html,KEEP
G-461008520-202441369349105564-89,123000,https://projects.propublica.org/nonprofits/full_text/202441369349105564/IRS990PF,2026-09-14,"123,000","Filed cash disbursement. Grantee matched by EIN when supplied, otherwise normalized legal name. Sponsor name does not establish the original donor. Separate duplicate filing versions are retained and flagged.",legal-grantee,USD,Good Ventures,461008520,filed_cash_grant,,202441369349105564,FAS,2023-06-30,2022-07-01,FELLOWSHIP RELATED TO BIOSECURITY AND PANDEMIC PREPAREDNESS,,FEDERATION OF AMERICAN SCIENTISTS,direct_named_institution,89,yes,"{""Amt[1]"": ""123,000"", ""GrantOrContributionPurposeTxt[1]"": ""FELLOWSHIP RELATED TO BIOSECURITY AND PANDEMIC PREPAREDNESS"", ""RecipientBusinessName[1]/BusinessNameLine1Txt[1]"": ""FEDERATION OF AMERICAN SCIENTISTS"", ""RecipientFoundationStatusTxt[1]"": ""PC"", ""RecipientUSAddress[1]/AddressLine1Txt[1]"": ""1112 16TH ST NW"", ""RecipientUSAddress[1]/CityNm[1]"": ""WASHINGTON"", ""RecipientUSAddress[1]/StateAbbreviationCd[1]"": ""DC"", ""RecipientUSAddress[1]/ZIPCd[1]"": ""20036""}",sources/return-202441369349105564.html,KEEP
G-461008520-202441369349105564-90,8125,https://projects.propublica.org/nonprofits/full_text/202441369349105564/IRS990PF,2026-09-14,"8,125","Filed cash disbursement. Grantee matched by EIN when supplied, otherwise normalized legal name. Sponsor name does not establish the original donor. Separate duplicate filing versions are retained and flagged.",legal-grantee,USD,Good Ventures,461008520,filed_cash_grant,,202441369349105564,FAS,2023-06-30,2022-07-01,FELLOWSHIP SUPPORT,,FEDERATION OF AMERICAN SCIENTISTS,direct_named_institution,90,yes,"{""Amt[1]"": ""8,125"", ""GrantOrContributionPurposeTxt[1]"": ""FELLOWSHIP SUPPORT"", ""RecipientBusinessName[1]/BusinessNameLine1Txt[1]"": ""FEDERATION OF AMERICAN SCIENTISTS"", ""RecipientFoundationStatusTxt[1]"": ""PC"", ""RecipientUSAddress[1]/AddressLine1Txt[1]"": ""1112 16TH ST NW"", ""RecipientUSAddress[1]/CityNm[1]"": ""WASHINGTON"", ""RecipientUSAddress[1]/StateAbbreviationCd[1]"": ""DC"", ""RecipientUSAddress[1]/ZIPCd[1]"": ""20036""}",sources/return-202441369349105564.html,KEEP
G-461008520-202441369349105564-91,204119,https://projects.propublica.org/nonprofits/full_text/202441369349105564/IRS990PF,2026-09-14,"204,119","Filed cash disbursement. Grantee matched by EIN when supplied, otherwise normalized legal name. Sponsor name does not establish the original donor. Separate duplicate filing versions are retained and flagged.",legal-grantee,USD,Good Ventures,461008520,filed_cash_grant,,202441369349105564,FAS,2023-06-30,2022-07-01,FELLOWSHIP ALIGNED WITH LONG-TERM SOCIETAL IMPACTS OF AI AND BIOSECURITY,,FEDERATION OF AMERICAN SCIENTISTS,direct_named_institution,91,yes,"{""Amt[1]"": ""204,119"", ""GrantOrContributionPurposeTxt[1]"": ""FELLOWSHIP ALIGNED WITH LONG-TERM SOCIETAL IMPACTS OF AI AND BIOSECURITY"", ""RecipientBusinessName[1]/BusinessNameLine1Txt[1]"": ""FEDERATION OF AMERICAN SCIENTISTS"", ""RecipientFoundationStatusTxt[1]"": ""PC"", ""RecipientUSAddress[1]/AddressLine1Txt[1]"": ""1112 16TH ST NW"", ""RecipientUSAddress[1]/CityNm[1]"": ""WASHINGTON"", ""RecipientUSAddress[1]/StateAbbreviationCd[1]"": ""DC"", ""RecipientUSAddress[1]/ZIPCd[1]"": ""20036""}",sources/return-202441369349105564.html,KEEP
G-461008520-202441369349105564-92,204119,https://projects.propublica.org/nonprofits/full_text/202441369349105564/IRS990PF,2026-09-14,"204,119","Filed cash disbursement. Grantee matched by EIN when supplied, otherwise normalized legal name. Sponsor name does not establish the original donor. Separate duplicate filing versions are retained and flagged.",legal-grantee,USD,Good Ventures,461008520,filed_cash_grant,,202441369349105564,FAS,2023-06-30,2022-07-01,FELLOWSHIP ALIGNED WITH LONG-TERM SOCIETAL IMPACTS OF AI AND BIOSECURITY,,FEDERATION OF AMERICAN SCIENTISTS,direct_named_institution,92,yes,"{""Amt[1]"": ""204,119"", ""GrantOrContributionPurposeTxt[1]"": ""FELLOWSHIP ALIGNED WITH LONG-TERM SOCIETAL IMPACTS OF AI AND BIOSECURITY"", ""RecipientBusinessName[1]/BusinessNameLine1Txt[1]"": ""FEDERATION OF AMERICAN SCIENTISTS"", ""RecipientFoundationStatusTxt[1]"": ""PC"", ""RecipientUSAddress[1]/AddressLine1Txt[1]"": ""1112 16TH ST NW"", ""RecipientUSAddress[1]/CityNm[1]"": ""WASHINGTON"", ""RecipientUSAddress[1]/StateAbbreviationCd[1]"": ""DC"", ""RecipientUSAddress[1]/ZIPCd[1]"": ""20036""}",sources/return-202441369349105564.html,KEEP
G-461008520-202441369349105564-106,11837990,https://projects.propublica.org/nonprofits/full_text/202441369349105564/IRS990PF,2026-09-14,"11,837,990","Filed cash disbursement. Grantee matched by EIN when supplied, otherwise normalized legal name. Sponsor name does not establish the original donor. Separate duplicate filing versions are retained and flagged.",legal-grantee,USD,Good Ventures,461008520,filed_cash_grant,,202441369349105564,HORIZON,2023-06-30,2022-07-01,GENERAL SUPPORT,,HORIZON INSTITUTE FOR PUBLIC SERVICE,direct_named_institution,106,yes,"{""Amt[1]"": ""11,837,990"", ""GrantOrContributionPurposeTxt[1]"": ""GENERAL SUPPORT"", ""RecipientBusinessName[1]/BusinessNameLine1Txt[1]"": ""HORIZON INSTITUTE FOR PUBLIC SERVICE"", ""RecipientFoundationStatusTxt[1]"": ""PC"", ""RecipientUSAddress[1]/AddressLine1Txt[1]"": ""1638 R ST NW"", ""RecipientUSAddress[1]/CityNm[1]"": ""WASHINGTON"", ""RecipientUSAddress[1]/StateAbbreviationCd[1]"": ""DC"", ""RecipientUSAddress[1]/ZIPCd[1]"": ""20009""}",sources/return-202441369349105564.html,KEEP
G-461008520-202341359349105939-42,480000,https://projects.propublica.org/nonprofits/full_text/202341359349105939/IRS990PF,2026-09-14,"480,000","Filed cash disbursement. Grantee matched by EIN when supplied, otherwise normalized legal name. Sponsor name does not establish the original donor. Separate duplicate filing versions are retained and flagged.",legal-grantee,USD,Good Ventures,461008520,filed_cash_grant,,202341359349105939,FAS,2022-06-30,2021-07-01,FELLOWSHIP RELATED TO BIOSECURITY AND PANDEMIC PREPAREDNESS,,FEDERATION OF AMERICAN SCIENTISTS,direct_named_institution,42,yes,"{""Amt[1]"": ""480,000"", ""GrantOrContributionPurposeTxt[1]"": ""FELLOWSHIP RELATED TO BIOSECURITY AND PANDEMIC PREPAREDNESS"", ""RecipientBusinessName[1]/BusinessNameLine1Txt[1]"": ""FEDERATION OF AMERICAN SCIENTISTS"", ""RecipientFoundationStatusTxt[1]"": ""PC"", ""RecipientUSAddress[1]/AddressLine1Txt[1]"": ""1112 16TH ST NW"", ""RecipientUSAddress[1]/CityNm[1]"": ""WASHINGTON"", ""RecipientUSAddress[1]/StateAbbreviationCd[1]"": ""DC"", ""RecipientUSAddress[1]/ZIPCd[1]"": ""20036""}",sources/return-202341359349105939.html,KEEP
G-461008520-202341359349105939-43,600000,https://projects.propublica.org/nonprofits/full_text/202341359349105939/IRS990PF,2026-09-14,"600,000","Filed cash disbursement. Grantee matched by EIN when supplied, otherwise normalized legal name. Sponsor name does not establish the original donor. Separate duplicate filing versions are retained and flagged.",legal-grantee,USD,Good Ventures,461008520,filed_cash_grant,,202341359349105939,FAS,2022-06-30,2021-07-01,BOLSTERING CAPACITY FOR HIGH-IMPACT IMMIGRATION REFORMS,,FEDERATION OF AMERICAN SCIENTISTS,direct_named_institution,43,yes,"{""Amt[1]"": ""600,000"", ""GrantOrContributionPurposeTxt[1]"": ""BOLSTERING CAPACITY FOR HIGH-IMPACT IMMIGRATION REFORMS"", ""RecipientBusinessName[1]/BusinessNameLine1Txt[1]"": ""FEDERATION OF AMERICAN SCIENTISTS"", ""RecipientFoundationStatusTxt[1]"": ""PC"", ""RecipientUSAddress[1]/AddressLine1Txt[1]"": ""1112 16TH ST NW"", ""RecipientUSAddress[1]/CityNm[1]"": ""WASHINGTON"", ""RecipientUSAddress[1]/StateAbbreviationCd[1]"": ""DC"", ""RecipientUSAddress[1]/ZIPCd[1]"": ""20036""}",sources/return-202341359349105939.html,KEEP
G-461008520-202341359349105939-44,187640,https://projects.propublica.org/nonprofits/full_text/202341359349105939/IRS990PF,2026-09-14,"187,640","Filed cash disbursement. Grantee matched by EIN when supplied, otherwise normalized legal name. Sponsor name does not establish the original donor. Separate duplicate filing versions are retained and flagged.",legal-grantee,USD,Good Ventures,461008520,filed_cash_grant,,202341359349105939,FAS,2022-06-30,2021-07-01,FELLOWSHIP RELATED TO BIOSECURITY AND PANDEMIC PREPAREDNESS,,FEDERATION OF AMERICAN SCIENTISTS,direct_named_institution,44,yes,"{""Amt[1]"": ""187,640"", ""GrantOrContributionPurposeTxt[1]"": ""FELLOWSHIP RELATED TO BIOSECURITY AND PANDEMIC PREPAREDNESS"", ""RecipientBusinessName[1]/BusinessNameLine1Txt[1]"": ""FEDERATION OF AMERICAN SCIENTISTS"", ""RecipientFoundationStatusTxt[1]"": ""PC"", ""RecipientUSAddress[1]/AddressLine1Txt[1]"": ""1112 16TH ST NW"", ""RecipientUSAddress[1]/CityNm[1]"": ""WASHINGTON"", ""RecipientUSAddress[1]/StateAbbreviationCd[1]"": ""DC"", ""RecipientUSAddress[1]/ZIPCd[1]"": ""20036""}",sources/return-202341359349105939.html,KEEP
G-471052538-202523119349303667-4,750000,https://projects.propublica.org/nonprofits/full_text/202523119349303667/IRS990ScheduleI,2026-09-14,"750,000","Filed cash disbursement. Grantee matched by EIN when supplied, otherwise normalized legal name. Sponsor name does not establish the original donor. Separate duplicate filing versions are retained and flagged.",legal-grantee,USD,Future of Life Institute,471052538,filed_cash_grant,0,202523119349303667,FAS,2024-12-31,2024-01-01,TO INVESTIGATE THE IMPLICATIONS OF ARTIFICIAL INTELLIGENCE ON GLOBAL RISK.,237185827,FEDERATION OF AMERICAN SCIENTISTS,direct_named_institution,4,yes,"{""CashGrantAmt[1]"": ""750,000"", ""IRCSectionDesc[1]"": ""501(C)(3)"", ""NonCashAssistanceAmt[1]"": ""0"", ""PurposeOfGrantTxt[1]"": ""TO INVESTIGATE THE IMPLICATIONS OF ARTIFICIAL INTELLIGENCE ON GLOBAL RISK."", ""RecipientBusinessName[1]/BusinessNameLine1Txt[1]"": ""FEDERATION OF AMERICAN SCIENTISTS"", ""RecipientEIN[1]"": ""23-7185827"", ""USAddress[1]/AddressLine1Txt[1]"": ""1150 18TH ST NW STE 1000"", ""USAddress[1]/CityNm[1]"": ""WASHINGTON"", ""USAddress[1]/StateAbbreviationCd[1]"": ""DC"", ""USAddress[1]/ZIPCd[1]"": ""20036""}",sources/schedule-202523119349303667.html,KEEP
G-510198509-202523189349301347-1539,790000,https://projects.propublica.org/nonprofits/full_text/202523189349301347/IRS990ScheduleI,2026-09-14,"790,000","Filed cash disbursement. Grantee matched by EIN when supplied, otherwise normalized legal name. Sponsor name does not establish the original donor. Separate duplicate filing versions are retained and flagged.",legal-grantee,USD,Tides,510198509,filed_cash_grant,0,202523189349301347,PCF,2024-12-31,2024-01-01,HEALTHY INDIVIDUALS AND COMMUNITIES,521263996,PUBLIC CITIZEN FOUNDATION INC,DAF_sponsor_unspecified_fund,1539,yes,"{""CashGrantAmt[1]"": ""790,000"", ""IRCSectionDesc[1]"": ""501(C)(3)"", ""NonCashAssistanceAmt[1]"": ""0"", ""PurposeOfGrantTxt[1]"": ""HEALTHY INDIVIDUALS AND COMMUNITIES"", ""RecipientBusinessName[1]/BusinessNameLine1Txt[1]"": ""PUBLIC CITIZEN FOUNDATION INC"", ""RecipientEIN[1]"": ""52-1263996"", ""USAddress[1]/AddressLine1Txt[1]"": ""1600 20TH STREET NW"", ""USAddress[1]/CityNm[1]"": ""WASHINGTON"", ""USAddress[1]/StateAbbreviationCd[1]"": ""DC"", ""USAddress[1]/ZIPCd[1]"": ""20009""}",sources/schedule-202523189349301347.html,KEEP
G-510198509-202412739349300401-1647,125000,https://projects.propublica.org/nonprofits/full_text/202412739349300401/IRS990ScheduleI,2026-09-14,"125,000","Filed cash disbursement. Grantee matched by EIN when supplied, otherwise normalized legal name. Sponsor name does not establish the original donor. Separate duplicate filing versions are retained and flagged.",legal-grantee,USD,Tides,510198509,filed_cash_grant,0,202412739349300401,PCF,2023-12-31,2023-01-01,HEALTHY INDIVIDUALS AND COMMUNITIES,521263996,PUBLIC CITIZEN FOUNDATION INC,DAF_sponsor_unspecified_fund,1647,yes,"{""CashGrantAmt[1]"": ""125,000"", ""IRCSectionDesc[1]"": ""501(C)(3)"", ""NonCashAssistanceAmt[1]"": ""0"", ""PurposeOfGrantTxt[1]"": ""HEALTHY INDIVIDUALS AND COMMUNITIES"", ""RecipientBusinessName[1]/BusinessNameLine1Txt[1]"": ""PUBLIC CITIZEN FOUNDATION INC"", ""RecipientEIN[1]"": ""52-1263996"", ""USAddress[1]/AddressLine1Txt[1]"": ""1600 20TH STREET NW"", ""USAddress[1]/CityNm[1]"": ""WASHINGTON"", ""USAddress[1]/StateAbbreviationCd[1]"": ""DC"", ""USAddress[1]/ZIPCd[1]"": ""20009""}",sources/schedule-202412739349300401.html,KEEP
G-510198509-202412739349300401-1648,50000,https://projects.propublica.org/nonprofits/full_text/202412739349300401/IRS990ScheduleI,2026-09-14,"50,000","Filed cash disbursement. Grantee matched by EIN when supplied, otherwise normalized legal name. Sponsor name does not establish the original donor. Separate duplicate filing versions are retained and flagged.",legal-grantee,USD,Tides,510198509,filed_cash_grant,0,202412739349300401,PC,2023-12-31,2023-01-01,HEALTHY INDIVIDUALS AND COMMUNITIES,237104508,PUBLIC CITIZEN INC,DAF_sponsor_unspecified_fund,1648,yes,"{""CashGrantAmt[1]"": ""50,000"", ""IRCSectionDesc[1]"": ""501(C)(4)"", ""NonCashAssistanceAmt[1]"": ""0"", ""PurposeOfGrantTxt[1]"": ""HEALTHY INDIVIDUALS AND COMMUNITIES"", ""RecipientBusinessName[1]/BusinessNameLine1Txt[1]"": ""PUBLIC CITIZEN INC"", ""RecipientEIN[1]"": ""23-7104508"", ""USAddress[1]/AddressLine1Txt[1]"": ""1600 20TH STREET NW"", ""USAddress[1]/CityNm[1]"": ""WASHINGTON"", ""USAddress[1]/StateAbbreviationCd[1]"": ""DC"", ""USAddress[1]/ZIPCd[1]"": ""20009""}",sources/schedule-202412739349300401.html,KEEP
G-510198509-202400469349300305-1801,170000,https://projects.propublica.org/nonprofits/full_text/202400469349300305/IRS990ScheduleI,2026-09-14,"170,000","Filed cash disbursement. Grantee matched by EIN when supplied, otherwise normalized legal name. Sponsor name does not establish the original donor. Separate duplicate filing versions are retained and flagged.",legal-grantee,USD,Tides,510198509,filed_cash_grant,0,202400469349300305,PCF,2022-12-31,2022-01-01,HEALTHY INDIVIDUALS AND COMMUNITIES,521263996,PUBLIC CITIZEN FOUNDATION INC,DAF_sponsor_unspecified_fund,1801,yes,"{""CashGrantAmt[1]"": ""170,000"", ""IRCSectionDesc[1]"": ""501(C)(3)"", ""NonCashAssistanceAmt[1]"": ""0"", ""PurposeOfGrantTxt[1]"": ""HEALTHY INDIVIDUALS AND COMMUNITIES"", ""RecipientBusinessName[1]/BusinessNameLine1Txt[1]"": ""PUBLIC CITIZEN FOUNDATION INC"", ""RecipientEIN[1]"": ""52-1263996"", ""USAddress[1]/AddressLine1Txt[1]"": ""1600 20TH STREET NW"", ""USAddress[1]/CityNm[1]"": ""WASHINGTON"", ""USAddress[1]/StateAbbreviationCd[1]"": ""DC"", ""USAddress[1]/ZIPCd[1]"": ""20009""}",sources/schedule-202400469349300305.html,KEEP
G-510198509-202333189349300213-1801,170000,https://projects.propublica.org/nonprofits/full_text/202333189349300213/IRS990ScheduleI,2026-09-14,"170,000","Filed cash disbursement. Grantee matched by EIN when supplied, otherwise normalized legal name. Sponsor name does not establish the original donor. Separate duplicate filing versions are retained and flagged.",legal-grantee,USD,Tides,510198509,filed_cash_grant,0,202333189349300213,PCF,2022-12-31,2022-01-01,HEALTHY INDIVIDUALS AND COMMUNITIES,521263996,PUBLIC CITIZEN FOUNDATION INC,DAF_sponsor_unspecified_fund,1801,superseded,"{""CashGrantAmt[1]"": ""170,000"", ""IRCSectionDesc[1]"": ""501(C)(3)"", ""NonCashAssistanceAmt[1]"": ""0"", ""PurposeOfGrantTxt[1]"": ""HEALTHY INDIVIDUALS AND COMMUNITIES"", ""RecipientBusinessName[1]/BusinessNameLine1Txt[1]"": ""PUBLIC CITIZEN FOUNDATION INC"", ""RecipientEIN[1]"": ""52-1263996"", ""USAddress[1]/AddressLine1Txt[1]"": ""1600 20TH STREET NW"", ""USAddress[1]/CityNm[1]"": ""WASHINGTON"", ""USAddress[1]/StateAbbreviationCd[1]"": ""DC"", ""USAddress[1]/ZIPCd[1]"": ""20009""}",sources/schedule-202333189349300213.html,KEEP
G-510198509-202233189349313898-1460,1080000,https://projects.propublica.org/nonprofits/full_text/202233189349313898/IRS990ScheduleI,2026-09-14,"1,080,000","Filed cash disbursement. Grantee matched by EIN when supplied, otherwise normalized legal name. Sponsor name does not establish the original donor. Separate duplicate filing versions are retained and flagged.",legal-grantee,USD,Tides,510198509,filed_cash_grant,0,202233189349313898,PCF,2021-12-31,2021-01-01,HEALTHY INDIVIDUALS AND COMMUNITIES,521263996,PUBLIC CITIZEN FOUNDATION INC,DAF_sponsor_unspecified_fund,1460,yes,"{""CashGrantAmt[1]"": ""1,080,000"", ""IRCSectionDesc[1]"": ""501(C)(3)"", ""NonCashAssistanceAmt[1]"": ""0"", ""PurposeOfGrantTxt[1]"": ""HEALTHY INDIVIDUALS AND COMMUNITIES"", ""RecipientBusinessName[1]/BusinessNameLine1Txt[1]"": ""PUBLIC CITIZEN FOUNDATION INC"", ""RecipientEIN[1]"": ""52-1263996"", ""USAddress[1]/AddressLine1Txt[1]"": ""1600 20TH STREET NW"", ""USAddress[1]/CityNm[1]"": ""WASHINGTON"", ""USAddress[1]/StateAbbreviationCd[1]"": ""DC"", ""USAddress[1]/ZIPCd[1]"": ""20009""}",sources/schedule-202233189349313898.html,KEEP
G-510198509-202133149349300708-1610,1309640,https://projects.propublica.org/nonprofits/full_text/202133149349300708/IRS990ScheduleI,2026-09-14,"1,309,640","Filed cash disbursement. Grantee matched by EIN when supplied, otherwise normalized legal name. Sponsor name does not establish the original donor. Separate duplicate filing versions are retained and flagged.",legal-grantee,USD,Tides,510198509,filed_cash_grant,,202133149349300708,PCF,2020-12-31,2020-01-01,HEALTHY INDIVIDUALS AND COMMUNITIES,521263996,PUBLIC CITIZEN FOUNDATION INC,DAF_sponsor_unspecified_fund,1610,yes,"{""CashGrantAmt[1]"": ""1,309,640"", ""IRCSectionDesc[1]"": ""501(C)(3)"", ""PurposeOfGrantTxt[1]"": ""HEALTHY INDIVIDUALS AND COMMUNITIES"", ""RecipientBusinessName[1]/BusinessNameLine1Txt[1]"": ""PUBLIC CITIZEN FOUNDATION INC"", ""RecipientEIN[1]"": ""52-1263996"", ""USAddress[1]/AddressLine1Txt[1]"": ""1600 20TH STREET NW"", ""USAddress[1]/CityNm[1]"": ""WASHINGTON"", ""USAddress[1]/StateAbbreviationCd[1]"": ""DC"", ""USAddress[1]/ZIPCd[1]"": ""20009""}",sources/schedule-202133149349300708.html,KEEP
G-510198509-202133149349300708-1611,960360,https://projects.propublica.org/nonprofits/full_text/202133149349300708/IRS990ScheduleI,2026-09-14,"960,360","Filed cash disbursement. Grantee matched by EIN when supplied, otherwise normalized legal name. Sponsor name does not establish the original donor. Separate duplicate filing versions are retained and flagged.",legal-grantee,USD,Tides,510198509,filed_cash_grant,,202133149349300708,PC,2020-12-31,2020-01-01,HEALTHY INDIVIDUALS AND COMMUNITIES,237104508,PUBLIC CITIZEN INC,DAF_sponsor_unspecified_fund,1611,yes,"{""CashGrantAmt[1]"": ""960,360"", ""IRCSectionDesc[1]"": ""501(C)(4)"", ""PurposeOfGrantTxt[1]"": ""HEALTHY INDIVIDUALS AND COMMUNITIES"", ""RecipientBusinessName[1]/BusinessNameLine1Txt[1]"": ""PUBLIC CITIZEN INC"", ""RecipientEIN[1]"": ""23-7104508"", ""USAddress[1]/AddressLine1Txt[1]"": ""1600 20TH STREET NW"", ""USAddress[1]/CityNm[1]"": ""WASHINGTON"", ""USAddress[1]/StateAbbreviationCd[1]"": ""DC"", ""USAddress[1]/ZIPCd[1]"": ""20009""}",sources/schedule-202133149349300708.html,KEEP
G-510198509-202043149349304239-1036,200000,https://projects.propublica.org/nonprofits/full_text/202043149349304239/IRS990ScheduleI,2026-09-14,"200,000","Filed cash disbursement. Grantee matched by EIN when supplied, otherwise normalized legal name. Sponsor name does not establish the original donor. Separate duplicate filing versions are retained and flagged.",legal-grantee,USD,Tides,510198509,filed_cash_grant,,202043149349304239,PC,2019-12-31,2019-01-01,PROJECT SUPPORT,237104508,PUBLIC CITIZEN INC,DAF_sponsor_unspecified_fund,1036,yes,"{""CashGrantAmt[1]"": ""200,000"", ""IRCSectionDesc[1]"": ""501(C)(4)"", ""PurposeOfGrantTxt[1]"": ""PROJECT SUPPORT"", ""RecipientBusinessName[1]/BusinessNameLine1Txt[1]"": ""PUBLIC CITIZEN INC"", ""RecipientEIN[1]"": ""23-7104508"", ""USAddress[1]/AddressLine1Txt[1]"": ""1600 20TH STREET NW"", ""USAddress[1]/CityNm[1]"": ""WASHINGTON"", ""USAddress[1]/StateAbbreviationCd[1]"": ""DC"", ""USAddress[1]/ZIPCd[1]"": ""20009""}",sources/schedule-202043149349304239.html,KEEP
G-521263996-202521499349301107-2,475000,https://projects.propublica.org/nonprofits/full_text/202521499349301107/IRS990ScheduleI,2026-09-14,"475,000","Filed cash disbursement. Grantee matched by EIN when supplied, otherwise normalized legal name. Sponsor name does not establish the original donor. Separate duplicate filing versions are retained and flagged.",legal-grantee,USD,Public Citizen Foundation,521263996,filed_cash_grant,0,202521499349301107,PC,2024-09-30,2023-10-01,RESEARCH AND EDUCATIONAL ACTIVITIES OF CONGRESS WATCH,237104508,PUBLIC CITIZEN INC,direct_named_institution,2,yes,"{""CashGrantAmt[1]"": ""475,000"", ""IRCSectionDesc[1]"": ""501(C)(4)"", ""NonCashAssistanceAmt[1]"": ""0"", ""PurposeOfGrantTxt[1]"": ""RESEARCH AND EDUCATIONAL ACTIVITIES OF CONGRESS WATCH"", ""RecipientBusinessName[1]/BusinessNameLine1Txt[1]"": ""PUBLIC CITIZEN INC"", ""RecipientEIN[1]"": ""23-7104508"", ""USAddress[1]/AddressLine1Txt[1]"": ""1600 20TH STREET NW"", ""USAddress[1]/CityNm[1]"": ""WASHINGTON"", ""USAddress[1]/StateAbbreviationCd[1]"": ""DC"", ""USAddress[1]/ZIPCd[1]"": ""20009""}",sources/schedule-202521499349301107.html,KEEP
G-521263996-202000429349301210-8,150000,https://projects.propublica.org/nonprofits/full_text/202000429349301210/IRS990ScheduleI,2026-09-14,"150,000","Filed cash disbursement. Grantee matched by EIN when supplied, otherwise normalized legal name. Sponsor name does not establish the original donor. Separate duplicate filing versions are retained and flagged.",legal-grantee,USD,Public Citizen Foundation,521263996,filed_cash_grant,,202000429349301210,PC,2019-09-30,2018-10-01,SUPPORT FOR PUBLIC CITIZEN INC.,237104508,PUBLIC CITIZEN INC,direct_named_institution,8,yes,"{""CashGrantAmt[1]"": ""150,000"", ""IRCSectionDesc[1]"": ""501(C)(4)"", ""PurposeOfGrantTxt[1]"": ""SUPPORT FOR PUBLIC CITIZEN INC."", ""RecipientBusinessName[1]/BusinessNameLine1Txt[1]"": ""PUBLIC CITIZEN INC"", ""RecipientEIN[1]"": ""23-7104508"", ""USAddress[1]/AddressLine1Txt[1]"": ""1600 20TH STREET NW"", ""USAddress[1]/CityNm[1]"": ""WASHINGTON"", ""USAddress[1]/StateAbbreviationCd[1]"": ""DC"", ""USAddress[1]/ZIPCd[1]"": ""20009""}",sources/schedule-202000429349301210.html,KEEP
G-812644663-202513209349301211-3,2948728,https://projects.propublica.org/nonprofits/full_text/202513209349301211/IRS990ScheduleI,2026-09-14,"2,948,728","Filed cash disbursement. Grantee matched by EIN when supplied, otherwise normalized legal name. Sponsor name does not establish the original donor. Separate duplicate filing versions are retained and flagged.",legal-grantee,USD,Coefficient Action Fund,812644663,filed_cash_grant,0,202513209349301211,ARI,2024-12-31,2024-01-01,GENERAL SUPPORT,933248564,AMERICANS FOR RESPONSIBLE INNOVATION,direct_named_institution,3,yes,"{""CashGrantAmt[1]"": ""2,948,728"", ""IRCSectionDesc[1]"": ""501(C)(4)"", ""NonCashAssistanceAmt[1]"": ""0"", ""PurposeOfGrantTxt[1]"": ""GENERAL SUPPORT"", ""RecipientBusinessName[1]/BusinessNameLine1Txt[1]"": ""AMERICANS FOR RESPONSIBLE INNOVATION"", ""RecipientEIN[1]"": ""93-3248564"", ""USAddress[1]/AddressLine1Txt[1]"": ""712 H ST NE STE 2486"", ""USAddress[1]/CityNm[1]"": ""WASHINGTON"", ""USAddress[1]/StateAbbreviationCd[1]"": ""DC"", ""USAddress[1]/ZIPCd[1]"": ""20002""}",sources/schedule-202513209349301211.html,KEEP
G-812644663-202403209349313635-21,611000,https://projects.propublica.org/nonprofits/full_text/202403209349313635/IRS990ScheduleI,2026-09-14,"611,000","Filed cash disbursement. Grantee matched by EIN when supplied, otherwise normalized legal name. Sponsor name does not establish the original donor. Separate duplicate filing versions are retained and flagged.",legal-grantee,USD,Coefficient Action Fund,812644663,filed_cash_grant,0,202403209349313635,FAS,2023-12-31,2023-01-01,IMMIGRATION POLICY DEVELOPMENT AND ADVOCACY,237185827,FEDERATION OF AMERICAN SCIENTISTS,direct_named_institution,21,yes,"{""CashGrantAmt[1]"": ""611,000"", ""IRCSectionDesc[1]"": ""501(C)(3)"", ""NonCashAssistanceAmt[1]"": ""0"", ""PurposeOfGrantTxt[1]"": ""IMMIGRATION POLICY DEVELOPMENT AND ADVOCACY"", ""RecipientBusinessName[1]/BusinessNameLine1Txt[1]"": ""FEDERATION OF AMERICAN SCIENTISTS"", ""RecipientEIN[1]"": ""23-7185827"", ""USAddress[1]/AddressLine1Txt[1]"": ""1112 16TH ST NW"", ""USAddress[1]/CityNm[1]"": ""WASHINGTON"", ""USAddress[1]/StateAbbreviationCd[1]"": ""DC"", ""USAddress[1]/ZIPCd[1]"": ""20036""}",sources/schedule-202403209349313635.html,KEEP
G-812644663-202403209349313635-22,400000,https://projects.propublica.org/nonprofits/full_text/202403209349313635/IRS990ScheduleI,2026-09-14,"400,000","Filed cash disbursement. Grantee matched by EIN when supplied, otherwise normalized legal name. Sponsor name does not establish the original donor. Separate duplicate filing versions are retained and flagged.",legal-grantee,USD,Coefficient Action Fund,812644663,filed_cash_grant,0,202403209349313635,FAS,2023-12-31,2023-01-01,POLICY CHANGE ADDRESSING THE CHALLENGES WITH ADVANCEMENTS IN AI,237185827,FEDERATION OF AMERICAN SCIENTISTS,direct_named_institution,22,yes,"{""CashGrantAmt[1]"": ""400,000"", ""IRCSectionDesc[1]"": ""501(C)(3)"", ""NonCashAssistanceAmt[1]"": ""0"", ""PurposeOfGrantTxt[1]"": ""POLICY CHANGE ADDRESSING THE CHALLENGES WITH ADVANCEMENTS IN AI"", ""RecipientBusinessName[1]/BusinessNameLine1Txt[1]"": ""FEDERATION OF AMERICAN SCIENTISTS"", ""RecipientEIN[1]"": ""23-7185827"", ""USAddress[1]/AddressLine1Txt[1]"": ""1112 16TH ST NW"", ""USAddress[1]/CityNm[1]"": ""WASHINGTON"", ""USAddress[1]/StateAbbreviationCd[1]"": ""DC"", ""USAddress[1]/ZIPCd[1]"": ""20036""}",sources/schedule-202403209349313635.html,KEEP
G-812644663-202303199349323610-25,100000,https://projects.propublica.org/nonprofits/full_text/202303199349323610/IRS990ScheduleI,2026-09-14,"100,000","Filed cash disbursement. Grantee matched by EIN when supplied, otherwise normalized legal name. Sponsor name does not establish the original donor. Separate duplicate filing versions are retained and flagged.",legal-grantee,USD,Coefficient Action Fund,812644663,filed_cash_grant,0,202303199349323610,HORIZON,2022-12-31,2022-01-01,PROJECT SUPPORT,874657441,HORIZON INSTITUTE FOR PUBLIC SERVICE,direct_named_institution,25,yes,"{""CashGrantAmt[1]"": ""100,000"", ""IRCSectionDesc[1]"": ""501(C)(3)"", ""NonCashAssistanceAmt[1]"": ""0"", ""PurposeOfGrantTxt[1]"": ""PROJECT SUPPORT"", ""RecipientBusinessName[1]/BusinessNameLine1Txt[1]"": ""HORIZON INSTITUTE FOR PUBLIC SERVICE"", ""RecipientEIN[1]"": ""87-4657441"", ""USAddress[1]/AddressLine1Txt[1]"": ""1638 R ST NW"", ""USAddress[1]/CityNm[1]"": ""WASHINGTON"", ""USAddress[1]/StateAbbreviationCd[1]"": ""DC"", ""USAddress[1]/ZIPCd[1]"": ""20009""}",sources/schedule-202303199349323610.html,KEEP
G-874657441-202441209349301334-1,543982,https://projects.propublica.org/nonprofits/full_text/202441209349301334/IRS990ScheduleI,2026-09-14,"543,982","Filed cash disbursement. Grantee matched by EIN when supplied, otherwise normalized legal name. Sponsor name does not establish the original donor. Separate duplicate filing versions are retained and flagged.",legal-grantee,USD,Horizon Institute for Public Service,874657441,filed_cash_grant,0,202441209349301334,FAS,2023-12-31,2023-01-01,FELLOWSHIP GRANT,237185827,FEDERATION OF AMERICAN SCIENTISTS,direct_named_institution,1,yes,"{""CashGrantAmt[1]"": ""543,982"", ""IRCSectionDesc[1]"": ""501(C)(3)"", ""NonCashAssistanceAmt[1]"": ""0"", ""PurposeOfGrantTxt[1]"": ""FELLOWSHIP GRANT"", ""RecipientBusinessName[1]/BusinessNameLine1Txt[1]"": ""FEDERATION OF AMERICAN SCIENTISTS"", ""RecipientEIN[1]"": ""23-7185827"", ""USAddress[1]/AddressLine1Txt[1]"": ""1112 16TH ST NW STE 400"", ""USAddress[1]/CityNm[1]"": ""WASHINGTON"", ""USAddress[1]/StateAbbreviationCd[1]"": ""DC"", ""USAddress[1]/ZIPCd[1]"": ""20036""}",sources/schedule-202441209349301334.html,KEEP
