row_id,amount,source_url,snapshot_date,verbatim_quote_from_source,note,closing_document,input_row_ids,org_id,period,verdict
H-CAIS-2019,,https://projects.propublica.org/nonprofits/api/v2/organizations/881751310.json,2026-09-14,"{""name"":""Center For Artificial Intelligence Safety Inc"",""ein"":881751310,""subsection_code"":3,""ruling_date"":""2023-01-01""}","No standalone annual revenue evidence for this fiscal-year-ending year in the captured organization registry/filing listing (or UK filed accounts for ControlAI). This is an availability flag, not zero revenue or proof of nonexistence.",Standalone primary annual return or accounts disclosing revenue for this legal entity and fiscal period; sponsor-wide returns do not close the project-level question.,ID-CAIS,CAIS,2019,OPEN
H-CAIS-2020,,https://projects.propublica.org/nonprofits/api/v2/organizations/881751310.json,2026-09-14,"{""name"":""Center For Artificial Intelligence Safety Inc"",""ein"":881751310,""subsection_code"":3,""ruling_date"":""2023-01-01""}","No standalone annual revenue evidence for this fiscal-year-ending year in the captured organization registry/filing listing (or UK filed accounts for ControlAI). This is an availability flag, not zero revenue or proof of nonexistence.",Standalone primary annual return or accounts disclosing revenue for this legal entity and fiscal period; sponsor-wide returns do not close the project-level question.,ID-CAIS,CAIS,2020,OPEN
H-CAIS-2021,,https://projects.propublica.org/nonprofits/api/v2/organizations/881751310.json,2026-09-14,"{""name"":""Center For Artificial Intelligence Safety Inc"",""ein"":881751310,""subsection_code"":3,""ruling_date"":""2023-01-01""}","No standalone annual revenue evidence for this fiscal-year-ending year in the captured organization registry/filing listing (or UK filed accounts for ControlAI). This is an availability flag, not zero revenue or proof of nonexistence.",Standalone primary annual return or accounts disclosing revenue for this legal entity and fiscal period; sponsor-wide returns do not close the project-level question.,ID-CAIS,CAIS,2021,OPEN
H-CAIS-2022,,https://projects.propublica.org/nonprofits/api/v2/organizations/881751310.json,2026-09-14,"{""name"":""Center For Artificial Intelligence Safety Inc"",""ein"":881751310,""subsection_code"":3,""ruling_date"":""2023-01-01""}",Revenue is available in the linked evidence row.,,R-CAIS-2022-REV-9581,CAIS,2022,KEEP
H-CAIS-2023,,https://projects.propublica.org/nonprofits/api/v2/organizations/881751310.json,2026-09-14,"{""name"":""Center For Artificial Intelligence Safety Inc"",""ein"":881751310,""subsection_code"":3,""ruling_date"":""2023-01-01""}",Revenue is available in the linked evidence row.,,R-CAIS-2023-REV-0741,CAIS,2023,KEEP
H-CAIS-2024,,https://projects.propublica.org/nonprofits/api/v2/organizations/881751310.json,2026-09-14,"{""name"":""Center For Artificial Intelligence Safety Inc"",""ein"":881751310,""subsection_code"":3,""ruling_date"":""2023-01-01""}",Revenue is available in the linked evidence row.,,R-CAIS-2024-REV-3615,CAIS,2024,KEEP
H-CAISAF-2019,,https://projects.propublica.org/nonprofits/api/v2/organizations/932442608.json,2026-09-14,"{""name"":""Center For Ai Safety Action Fund Inc"",""ein"":932442608,""subsection_code"":4,""ruling_date"":""2023-10-01""}","No standalone annual revenue evidence for this fiscal-year-ending year in the captured organization registry/filing listing (or UK filed accounts for ControlAI). This is an availability flag, not zero revenue or proof of nonexistence.",Standalone primary annual return or accounts disclosing revenue for this legal entity and fiscal period; sponsor-wide returns do not close the project-level question.,ID-CAISAF,CAISAF,2019,OPEN
H-CAISAF-2020,,https://projects.propublica.org/nonprofits/api/v2/organizations/932442608.json,2026-09-14,"{""name"":""Center For Ai Safety Action Fund Inc"",""ein"":932442608,""subsection_code"":4,""ruling_date"":""2023-10-01""}","No standalone annual revenue evidence for this fiscal-year-ending year in the captured organization registry/filing listing (or UK filed accounts for ControlAI). This is an availability flag, not zero revenue or proof of nonexistence.",Standalone primary annual return or accounts disclosing revenue for this legal entity and fiscal period; sponsor-wide returns do not close the project-level question.,ID-CAISAF,CAISAF,2020,OPEN
H-CAISAF-2021,,https://projects.propublica.org/nonprofits/api/v2/organizations/932442608.json,2026-09-14,"{""name"":""Center For Ai Safety Action Fund Inc"",""ein"":932442608,""subsection_code"":4,""ruling_date"":""2023-10-01""}","No standalone annual revenue evidence for this fiscal-year-ending year in the captured organization registry/filing listing (or UK filed accounts for ControlAI). This is an availability flag, not zero revenue or proof of nonexistence.",Standalone primary annual return or accounts disclosing revenue for this legal entity and fiscal period; sponsor-wide returns do not close the project-level question.,ID-CAISAF,CAISAF,2021,OPEN
H-CAISAF-2022,,https://projects.propublica.org/nonprofits/api/v2/organizations/932442608.json,2026-09-14,"{""name"":""Center For Ai Safety Action Fund Inc"",""ein"":932442608,""subsection_code"":4,""ruling_date"":""2023-10-01""}","No standalone annual revenue evidence for this fiscal-year-ending year in the captured organization registry/filing listing (or UK filed accounts for ControlAI). This is an availability flag, not zero revenue or proof of nonexistence.",Standalone primary annual return or accounts disclosing revenue for this legal entity and fiscal period; sponsor-wide returns do not close the project-level question.,ID-CAISAF,CAISAF,2022,OPEN
H-CAISAF-2023,,https://projects.propublica.org/nonprofits/api/v2/organizations/932442608.json,2026-09-14,"{""name"":""Center For Ai Safety Action Fund Inc"",""ein"":932442608,""subsection_code"":4,""ruling_date"":""2023-10-01""}",Revenue is available in the linked evidence row.,,R-CAISAF-2023-REV-5214,CAISAF,2023,KEEP
H-CAISAF-2024,,https://projects.propublica.org/nonprofits/api/v2/organizations/932442608.json,2026-09-14,"{""name"":""Center For Ai Safety Action Fund Inc"",""ein"":932442608,""subsection_code"":4,""ruling_date"":""2023-10-01""}",Revenue is available in the linked evidence row.,,R-CAISAF-2024-REV-3287,CAISAF,2024,KEEP
H-FLI-2019,,https://projects.propublica.org/nonprofits/api/v2/organizations/471052538.json,2026-09-14,"{""name"":""Future Of Life Institute"",""ein"":471052538,""subsection_code"":3,""ruling_date"":""2014-07-01""}",Revenue is available in the linked evidence row.,,R-FLI-2019-REV-2049,FLI,2019,KEEP
H-FLI-2020,,https://projects.propublica.org/nonprofits/api/v2/organizations/471052538.json,2026-09-14,"{""name"":""Future Of Life Institute"",""ein"":471052538,""subsection_code"":3,""ruling_date"":""2014-07-01""}",Revenue is available in the linked evidence row.,,R-FLI-2020-REV-2107,FLI,2020,KEEP
H-FLI-2021,,https://projects.propublica.org/nonprofits/api/v2/organizations/471052538.json,2026-09-14,"{""name"":""Future Of Life Institute"",""ein"":471052538,""subsection_code"":3,""ruling_date"":""2014-07-01""}",Revenue is available in the linked evidence row.,,R-FLI-2021-REV-0240,FLI,2021,KEEP
H-FLI-2022,,https://projects.propublica.org/nonprofits/api/v2/organizations/471052538.json,2026-09-14,"{""name"":""Future Of Life Institute"",""ein"":471052538,""subsection_code"":3,""ruling_date"":""2014-07-01""}",Revenue is available in the linked evidence row.,,R-FLI-2022-REV-1606,FLI,2022,KEEP
H-FLI-2023,,https://projects.propublica.org/nonprofits/api/v2/organizations/471052538.json,2026-09-14,"{""name"":""Future Of Life Institute"",""ein"":471052538,""subsection_code"":3,""ruling_date"":""2014-07-01""}",Revenue is available in the linked evidence row.,,R-FLI-2023-REV-1937,FLI,2023,KEEP
H-FLI-2024,,https://projects.propublica.org/nonprofits/api/v2/organizations/471052538.json,2026-09-14,"{""name"":""Future Of Life Institute"",""ein"":471052538,""subsection_code"":3,""ruling_date"":""2014-07-01""}",Revenue is available in the linked evidence row.,,R-FLI-2024-REV-3667,FLI,2024,KEEP
H-SAIF-2019,,https://projects.propublica.org/nonprofits/api/v2/organizations/934950919.json,2026-09-14,"{""name"":""Safe Artificial Intelligence Forum Institute"",""ein"":934950919,""subsection_code"":3,""ruling_date"":""2024-04-01""}","No standalone annual revenue evidence for this fiscal-year-ending year in the captured organization registry/filing listing (or UK filed accounts for ControlAI). This is an availability flag, not zero revenue or proof of nonexistence.",Standalone primary annual return or accounts disclosing revenue for this legal entity and fiscal period; sponsor-wide returns do not close the project-level question.,ID-SAIF,SAIF,2019,OPEN
H-SAIF-2020,,https://projects.propublica.org/nonprofits/api/v2/organizations/934950919.json,2026-09-14,"{""name"":""Safe Artificial Intelligence Forum Institute"",""ein"":934950919,""subsection_code"":3,""ruling_date"":""2024-04-01""}","No standalone annual revenue evidence for this fiscal-year-ending year in the captured organization registry/filing listing (or UK filed accounts for ControlAI). This is an availability flag, not zero revenue or proof of nonexistence.",Standalone primary annual return or accounts disclosing revenue for this legal entity and fiscal period; sponsor-wide returns do not close the project-level question.,ID-SAIF,SAIF,2020,OPEN
H-SAIF-2021,,https://projects.propublica.org/nonprofits/api/v2/organizations/934950919.json,2026-09-14,"{""name"":""Safe Artificial Intelligence Forum Institute"",""ein"":934950919,""subsection_code"":3,""ruling_date"":""2024-04-01""}","No standalone annual revenue evidence for this fiscal-year-ending year in the captured organization registry/filing listing (or UK filed accounts for ControlAI). This is an availability flag, not zero revenue or proof of nonexistence.",Standalone primary annual return or accounts disclosing revenue for this legal entity and fiscal period; sponsor-wide returns do not close the project-level question.,ID-SAIF,SAIF,2021,OPEN
H-SAIF-2022,,https://projects.propublica.org/nonprofits/api/v2/organizations/934950919.json,2026-09-14,"{""name"":""Safe Artificial Intelligence Forum Institute"",""ein"":934950919,""subsection_code"":3,""ruling_date"":""2024-04-01""}","No standalone annual revenue evidence for this fiscal-year-ending year in the captured organization registry/filing listing (or UK filed accounts for ControlAI). This is an availability flag, not zero revenue or proof of nonexistence.",Standalone primary annual return or accounts disclosing revenue for this legal entity and fiscal period; sponsor-wide returns do not close the project-level question.,ID-SAIF,SAIF,2022,OPEN
H-SAIF-2023,,https://projects.propublica.org/nonprofits/api/v2/organizations/934950919.json,2026-09-14,"{""name"":""Safe Artificial Intelligence Forum Institute"",""ein"":934950919,""subsection_code"":3,""ruling_date"":""2024-04-01""}","No standalone annual revenue evidence for this fiscal-year-ending year in the captured organization registry/filing listing (or UK filed accounts for ControlAI). This is an availability flag, not zero revenue or proof of nonexistence.",Standalone primary annual return or accounts disclosing revenue for this legal entity and fiscal period; sponsor-wide returns do not close the project-level question.,ID-SAIF,SAIF,2023,OPEN
H-SAIF-2024,,https://projects.propublica.org/nonprofits/api/v2/organizations/934950919.json,2026-09-14,"{""name"":""Safe Artificial Intelligence Forum Institute"",""ein"":934950919,""subsection_code"":3,""ruling_date"":""2024-04-01""}",Revenue is available in the linked evidence row.,,R-SAIF-2024-REV-0600,SAIF,2024,KEEP
H-IAPS-2019,,https://projects.propublica.org/nonprofits/api/v2/organizations/320839313.json,2026-09-14,"{""name"":""Institute For Ai Policy And Strateg Y Inc"",""ein"":320839313,""subsection_code"":3,""ruling_date"":""2026-04-01""}","No standalone annual revenue evidence for this fiscal-year-ending year in the captured organization registry/filing listing (or UK filed accounts for ControlAI). This is an availability flag, not zero revenue or proof of nonexistence.",Standalone primary annual return or accounts disclosing revenue for this legal entity and fiscal period; sponsor-wide returns do not close the project-level question.,ID-IAPS,IAPS,2019,OPEN
H-IAPS-2020,,https://projects.propublica.org/nonprofits/api/v2/organizations/320839313.json,2026-09-14,"{""name"":""Institute For Ai Policy And Strateg Y Inc"",""ein"":320839313,""subsection_code"":3,""ruling_date"":""2026-04-01""}","No standalone annual revenue evidence for this fiscal-year-ending year in the captured organization registry/filing listing (or UK filed accounts for ControlAI). This is an availability flag, not zero revenue or proof of nonexistence.",Standalone primary annual return or accounts disclosing revenue for this legal entity and fiscal period; sponsor-wide returns do not close the project-level question.,ID-IAPS,IAPS,2020,OPEN
H-IAPS-2021,,https://projects.propublica.org/nonprofits/api/v2/organizations/320839313.json,2026-09-14,"{""name"":""Institute For Ai Policy And Strateg Y Inc"",""ein"":320839313,""subsection_code"":3,""ruling_date"":""2026-04-01""}","No standalone annual revenue evidence for this fiscal-year-ending year in the captured organization registry/filing listing (or UK filed accounts for ControlAI). This is an availability flag, not zero revenue or proof of nonexistence.",Standalone primary annual return or accounts disclosing revenue for this legal entity and fiscal period; sponsor-wide returns do not close the project-level question.,ID-IAPS,IAPS,2021,OPEN
H-IAPS-2022,,https://projects.propublica.org/nonprofits/api/v2/organizations/320839313.json,2026-09-14,"{""name"":""Institute For Ai Policy And Strateg Y Inc"",""ein"":320839313,""subsection_code"":3,""ruling_date"":""2026-04-01""}","No standalone annual revenue evidence for this fiscal-year-ending year in the captured organization registry/filing listing (or UK filed accounts for ControlAI). This is an availability flag, not zero revenue or proof of nonexistence.",Standalone primary annual return or accounts disclosing revenue for this legal entity and fiscal period; sponsor-wide returns do not close the project-level question.,ID-IAPS,IAPS,2022,OPEN
H-IAPS-2023,,https://projects.propublica.org/nonprofits/api/v2/organizations/320839313.json,2026-09-14,"{""name"":""Institute For Ai Policy And Strateg Y Inc"",""ein"":320839313,""subsection_code"":3,""ruling_date"":""2026-04-01""}","No standalone annual revenue evidence for this fiscal-year-ending year in the captured organization registry/filing listing (or UK filed accounts for ControlAI). This is an availability flag, not zero revenue or proof of nonexistence.",Standalone primary annual return or accounts disclosing revenue for this legal entity and fiscal period; sponsor-wide returns do not close the project-level question.,ID-IAPS,IAPS,2023,OPEN
H-IAPS-2024,,https://projects.propublica.org/nonprofits/api/v2/organizations/320839313.json,2026-09-14,"{""name"":""Institute For Ai Policy And Strateg Y Inc"",""ein"":320839313,""subsection_code"":3,""ruling_date"":""2026-04-01""}","No standalone annual revenue evidence for this fiscal-year-ending year in the captured organization registry/filing listing (or UK filed accounts for ControlAI). This is an availability flag, not zero revenue or proof of nonexistence.",Standalone primary annual return or accounts disclosing revenue for this legal entity and fiscal period; sponsor-wide returns do not close the project-level question.,ID-IAPS,IAPS,2024,OPEN
H-HORIZON-2019,,https://projects.propublica.org/nonprofits/api/v2/organizations/874657441.json,2026-09-14,"{""name"":""Horizon Institute For Public Service"",""ein"":874657441,""subsection_code"":3,""ruling_date"":""2022-09-01""}","No standalone annual revenue evidence for this fiscal-year-ending year in the captured organization registry/filing listing (or UK filed accounts for ControlAI). This is an availability flag, not zero revenue or proof of nonexistence.",Standalone primary annual return or accounts disclosing revenue for this legal entity and fiscal period; sponsor-wide returns do not close the project-level question.,ID-HORIZON,HORIZON,2019,OPEN
H-HORIZON-2020,,https://projects.propublica.org/nonprofits/api/v2/organizations/874657441.json,2026-09-14,"{""name"":""Horizon Institute For Public Service"",""ein"":874657441,""subsection_code"":3,""ruling_date"":""2022-09-01""}","No standalone annual revenue evidence for this fiscal-year-ending year in the captured organization registry/filing listing (or UK filed accounts for ControlAI). This is an availability flag, not zero revenue or proof of nonexistence.",Standalone primary annual return or accounts disclosing revenue for this legal entity and fiscal period; sponsor-wide returns do not close the project-level question.,ID-HORIZON,HORIZON,2020,OPEN
H-HORIZON-2021,,https://projects.propublica.org/nonprofits/api/v2/organizations/874657441.json,2026-09-14,"{""name"":""Horizon Institute For Public Service"",""ein"":874657441,""subsection_code"":3,""ruling_date"":""2022-09-01""}","No standalone annual revenue evidence for this fiscal-year-ending year in the captured organization registry/filing listing (or UK filed accounts for ControlAI). This is an availability flag, not zero revenue or proof of nonexistence.",Standalone primary annual return or accounts disclosing revenue for this legal entity and fiscal period; sponsor-wide returns do not close the project-level question.,ID-HORIZON,HORIZON,2021,OPEN
H-HORIZON-2022,,https://projects.propublica.org/nonprofits/api/v2/organizations/874657441.json,2026-09-14,"{""name"":""Horizon Institute For Public Service"",""ein"":874657441,""subsection_code"":3,""ruling_date"":""2022-09-01""}",Revenue is available in the linked evidence row.,,R-HORIZON-2022-REV-2006,HORIZON,2022,KEEP
H-HORIZON-2023,,https://projects.propublica.org/nonprofits/api/v2/organizations/874657441.json,2026-09-14,"{""name"":""Horizon Institute For Public Service"",""ein"":874657441,""subsection_code"":3,""ruling_date"":""2022-09-01""}",Revenue is available in the linked evidence row.,,R-HORIZON-2023-REV-1334,HORIZON,2023,KEEP
H-HORIZON-2024,,https://projects.propublica.org/nonprofits/api/v2/organizations/874657441.json,2026-09-14,"{""name"":""Horizon Institute For Public Service"",""ein"":874657441,""subsection_code"":3,""ruling_date"":""2022-09-01""}",Revenue is available in the linked evidence row.,,R-HORIZON-2024-REV-4082,HORIZON,2024,KEEP
H-ARI-2019,,https://projects.propublica.org/nonprofits/api/v2/organizations/933248564.json,2026-09-14,"{""name"":""Americans For Responsible Innovation Ltd"",""ein"":933248564,""subsection_code"":4,""ruling_date"":null}","No standalone annual revenue evidence for this fiscal-year-ending year in the captured organization registry/filing listing (or UK filed accounts for ControlAI). This is an availability flag, not zero revenue or proof of nonexistence.",Standalone primary annual return or accounts disclosing revenue for this legal entity and fiscal period; sponsor-wide returns do not close the project-level question.,ID-ARI,ARI,2019,OPEN
H-ARI-2020,,https://projects.propublica.org/nonprofits/api/v2/organizations/933248564.json,2026-09-14,"{""name"":""Americans For Responsible Innovation Ltd"",""ein"":933248564,""subsection_code"":4,""ruling_date"":null}","No standalone annual revenue evidence for this fiscal-year-ending year in the captured organization registry/filing listing (or UK filed accounts for ControlAI). This is an availability flag, not zero revenue or proof of nonexistence.",Standalone primary annual return or accounts disclosing revenue for this legal entity and fiscal period; sponsor-wide returns do not close the project-level question.,ID-ARI,ARI,2020,OPEN
H-ARI-2021,,https://projects.propublica.org/nonprofits/api/v2/organizations/933248564.json,2026-09-14,"{""name"":""Americans For Responsible Innovation Ltd"",""ein"":933248564,""subsection_code"":4,""ruling_date"":null}","No standalone annual revenue evidence for this fiscal-year-ending year in the captured organization registry/filing listing (or UK filed accounts for ControlAI). This is an availability flag, not zero revenue or proof of nonexistence.",Standalone primary annual return or accounts disclosing revenue for this legal entity and fiscal period; sponsor-wide returns do not close the project-level question.,ID-ARI,ARI,2021,OPEN
H-ARI-2022,,https://projects.propublica.org/nonprofits/api/v2/organizations/933248564.json,2026-09-14,"{""name"":""Americans For Responsible Innovation Ltd"",""ein"":933248564,""subsection_code"":4,""ruling_date"":null}","No standalone annual revenue evidence for this fiscal-year-ending year in the captured organization registry/filing listing (or UK filed accounts for ControlAI). This is an availability flag, not zero revenue or proof of nonexistence.",Standalone primary annual return or accounts disclosing revenue for this legal entity and fiscal period; sponsor-wide returns do not close the project-level question.,ID-ARI,ARI,2022,OPEN
H-ARI-2023,,https://projects.propublica.org/nonprofits/api/v2/organizations/933248564.json,2026-09-14,"{""name"":""Americans For Responsible Innovation Ltd"",""ein"":933248564,""subsection_code"":4,""ruling_date"":null}",Revenue is available in the linked evidence row.,,R-ARI-2023-REV-1504,ARI,2023,KEEP
H-ARI-2024,,https://projects.propublica.org/nonprofits/api/v2/organizations/933248564.json,2026-09-14,"{""name"":""Americans For Responsible Innovation Ltd"",""ein"":933248564,""subsection_code"":4,""ruling_date"":null}",Revenue is available in the linked evidence row.,,R-ARI-2024-REV-2380,ARI,2024,KEEP
H-CRI-2019,,https://projects.propublica.org/nonprofits/api/v2/organizations/990921925.json,2026-09-14,"{""name"":""Center For Responsible Innovation Ltd"",""ein"":990921925,""subsection_code"":3,""ruling_date"":""2024-07-01""}","No standalone annual revenue evidence for this fiscal-year-ending year in the captured organization registry/filing listing (or UK filed accounts for ControlAI). This is an availability flag, not zero revenue or proof of nonexistence.",Standalone primary annual return or accounts disclosing revenue for this legal entity and fiscal period; sponsor-wide returns do not close the project-level question.,ID-CRI,CRI,2019,OPEN
H-CRI-2020,,https://projects.propublica.org/nonprofits/api/v2/organizations/990921925.json,2026-09-14,"{""name"":""Center For Responsible Innovation Ltd"",""ein"":990921925,""subsection_code"":3,""ruling_date"":""2024-07-01""}","No standalone annual revenue evidence for this fiscal-year-ending year in the captured organization registry/filing listing (or UK filed accounts for ControlAI). This is an availability flag, not zero revenue or proof of nonexistence.",Standalone primary annual return or accounts disclosing revenue for this legal entity and fiscal period; sponsor-wide returns do not close the project-level question.,ID-CRI,CRI,2020,OPEN
H-CRI-2021,,https://projects.propublica.org/nonprofits/api/v2/organizations/990921925.json,2026-09-14,"{""name"":""Center For Responsible Innovation Ltd"",""ein"":990921925,""subsection_code"":3,""ruling_date"":""2024-07-01""}","No standalone annual revenue evidence for this fiscal-year-ending year in the captured organization registry/filing listing (or UK filed accounts for ControlAI). This is an availability flag, not zero revenue or proof of nonexistence.",Standalone primary annual return or accounts disclosing revenue for this legal entity and fiscal period; sponsor-wide returns do not close the project-level question.,ID-CRI,CRI,2021,OPEN
H-CRI-2022,,https://projects.propublica.org/nonprofits/api/v2/organizations/990921925.json,2026-09-14,"{""name"":""Center For Responsible Innovation Ltd"",""ein"":990921925,""subsection_code"":3,""ruling_date"":""2024-07-01""}","No standalone annual revenue evidence for this fiscal-year-ending year in the captured organization registry/filing listing (or UK filed accounts for ControlAI). This is an availability flag, not zero revenue or proof of nonexistence.",Standalone primary annual return or accounts disclosing revenue for this legal entity and fiscal period; sponsor-wide returns do not close the project-level question.,ID-CRI,CRI,2022,OPEN
H-CRI-2023,,https://projects.propublica.org/nonprofits/api/v2/organizations/990921925.json,2026-09-14,"{""name"":""Center For Responsible Innovation Ltd"",""ein"":990921925,""subsection_code"":3,""ruling_date"":""2024-07-01""}","No standalone annual revenue evidence for this fiscal-year-ending year in the captured organization registry/filing listing (or UK filed accounts for ControlAI). This is an availability flag, not zero revenue or proof of nonexistence.",Standalone primary annual return or accounts disclosing revenue for this legal entity and fiscal period; sponsor-wide returns do not close the project-level question.,ID-CRI,CRI,2023,OPEN
H-CRI-2024,,https://projects.propublica.org/nonprofits/api/v2/organizations/990921925.json,2026-09-14,"{""name"":""Center For Responsible Innovation Ltd"",""ein"":990921925,""subsection_code"":3,""ruling_date"":""2024-07-01""}",Revenue is available in the linked evidence row.,,R-CRI-2024-REV-2505,CRI,2024,KEEP
H-PC-2019,,https://projects.propublica.org/nonprofits/api/v2/organizations/237104508.json,2026-09-14,"{""name"":""Public Citizen Inc"",""ein"":237104508,""subsection_code"":4,""ruling_date"":""1972-06-01""}",Revenue is available in the linked evidence row.,,R-PC-2019-REV-0848,PC,2019,KEEP
H-PC-2020,,https://projects.propublica.org/nonprofits/api/v2/organizations/237104508.json,2026-09-14,"{""name"":""Public Citizen Inc"",""ein"":237104508,""subsection_code"":4,""ruling_date"":""1972-06-01""}",Revenue is available in the linked evidence row.,,R-PC-2020-REV-0641,PC,2020,KEEP
H-PC-2021,,https://projects.propublica.org/nonprofits/api/v2/organizations/237104508.json,2026-09-14,"{""name"":""Public Citizen Inc"",""ein"":237104508,""subsection_code"":4,""ruling_date"":""1972-06-01""}",Revenue is available in the linked evidence row.,,R-PC-2021-REV-1103,PC,2021,KEEP
H-PC-2022,,https://projects.propublica.org/nonprofits/api/v2/organizations/237104508.json,2026-09-14,"{""name"":""Public Citizen Inc"",""ein"":237104508,""subsection_code"":4,""ruling_date"":""1972-06-01""}",Revenue is available in the linked evidence row.,,R-PC-2022-REV-0121,PC,2022,KEEP
H-PC-2023,,https://projects.propublica.org/nonprofits/api/v2/organizations/237104508.json,2026-09-14,"{""name"":""Public Citizen Inc"",""ein"":237104508,""subsection_code"":4,""ruling_date"":""1972-06-01""}",Revenue is available in the linked evidence row.,,R-PC-2023-REV-0817,PC,2023,KEEP
H-PC-2024,,https://projects.propublica.org/nonprofits/api/v2/organizations/237104508.json,2026-09-14,"{""name"":""Public Citizen Inc"",""ein"":237104508,""subsection_code"":4,""ruling_date"":""1972-06-01""}",Revenue is available in the linked evidence row.,,R-PC-2024-REV-0917,PC,2024,KEEP
H-PCF-2019,,https://projects.propublica.org/nonprofits/api/v2/organizations/521263996.json,2026-09-14,"{""name"":""Public Citizen Foundation Inc"",""ein"":521263996,""subsection_code"":3,""ruling_date"":""1992-06-01""}",Revenue is available in the linked evidence row.,,R-PCF-2019-REV-1210,PCF,2019,KEEP
H-PCF-2020,,https://projects.propublica.org/nonprofits/api/v2/organizations/521263996.json,2026-09-14,"{""name"":""Public Citizen Foundation Inc"",""ein"":521263996,""subsection_code"":3,""ruling_date"":""1992-06-01""}",Revenue is available in the linked evidence row.,,R-PCF-2020-REV-0226,PCF,2020,KEEP
H-PCF-2021,,https://projects.propublica.org/nonprofits/api/v2/organizations/521263996.json,2026-09-14,"{""name"":""Public Citizen Foundation Inc"",""ein"":521263996,""subsection_code"":3,""ruling_date"":""1992-06-01""}",Revenue is available in the linked evidence row.,,R-PCF-2021-REV-1300,PCF,2021,KEEP
H-PCF-2022,,https://projects.propublica.org/nonprofits/api/v2/organizations/521263996.json,2026-09-14,"{""name"":""Public Citizen Foundation Inc"",""ein"":521263996,""subsection_code"":3,""ruling_date"":""1992-06-01""}",Revenue is available in the linked evidence row.,,R-PCF-2022-REV-0124,PCF,2022,KEEP
H-PCF-2023,,https://projects.propublica.org/nonprofits/api/v2/organizations/521263996.json,2026-09-14,"{""name"":""Public Citizen Foundation Inc"",""ein"":521263996,""subsection_code"":3,""ruling_date"":""1992-06-01""}",Revenue is available in the linked evidence row.,,R-PCF-2023-REV-1550,PCF,2023,KEEP
H-PCF-2024,,https://projects.propublica.org/nonprofits/api/v2/organizations/521263996.json,2026-09-14,"{""name"":""Public Citizen Foundation Inc"",""ein"":521263996,""subsection_code"":3,""ruling_date"":""1992-06-01""}",Revenue is available in the linked evidence row.,,R-PCF-2024-REV-1107,PCF,2024,KEEP
H-FAS-2019,,https://projects.propublica.org/nonprofits/api/v2/organizations/237185827.json,2026-09-14,"{""name"":""Federation Of American Scientists"",""ein"":237185827,""subsection_code"":3,""ruling_date"":""1972-07-01""}",Revenue is available in the linked evidence row.,,R-FAS-2019-REV-1636,FAS,2019,KEEP
H-FAS-2020,,https://projects.propublica.org/nonprofits/api/v2/organizations/237185827.json,2026-09-14,"{""name"":""Federation Of American Scientists"",""ein"":237185827,""subsection_code"":3,""ruling_date"":""1972-07-01""}",Revenue is available in the linked evidence row.,,R-FAS-2020-REV-2667,FAS,2020,KEEP
H-FAS-2021,,https://projects.propublica.org/nonprofits/api/v2/organizations/237185827.json,2026-09-14,"{""name"":""Federation Of American Scientists"",""ein"":237185827,""subsection_code"":3,""ruling_date"":""1972-07-01""}",Revenue is available in the linked evidence row.,,R-FAS-2021-REV-1237,FAS,2021,KEEP
H-FAS-2022,,https://projects.propublica.org/nonprofits/api/v2/organizations/237185827.json,2026-09-14,"{""name"":""Federation Of American Scientists"",""ein"":237185827,""subsection_code"":3,""ruling_date"":""1972-07-01""}",Revenue is available in the linked evidence row.,,R-FAS-2022-REV-1686,FAS,2022,KEEP
H-FAS-2023,,https://projects.propublica.org/nonprofits/api/v2/organizations/237185827.json,2026-09-14,"{""name"":""Federation Of American Scientists"",""ein"":237185827,""subsection_code"":3,""ruling_date"":""1972-07-01""}",Revenue is available in the linked evidence row.,,R-FAS-2023-REV-8123,FAS,2023,KEEP
H-FAS-2024,,https://projects.propublica.org/nonprofits/api/v2/organizations/237185827.json,2026-09-14,"{""name"":""Federation Of American Scientists"",""ein"":237185827,""subsection_code"":3,""ruling_date"":""1972-07-01""}",Revenue is available in the linked evidence row.,,R-FAS-2024-REV-3450,FAS,2024,KEEP
H-PROGRESS-2019,,https://projects.propublica.org/nonprofits/api/v2/organizations/853963084.json,2026-09-14,"{""name"":""Chamber Of Progress"",""ein"":853963084,""subsection_code"":6,""ruling_date"":""2021-08-01""}","No standalone annual revenue evidence for this fiscal-year-ending year in the captured organization registry/filing listing (or UK filed accounts for ControlAI). This is an availability flag, not zero revenue or proof of nonexistence.",Standalone primary annual return or accounts disclosing revenue for this legal entity and fiscal period; sponsor-wide returns do not close the project-level question.,ID-PROGRESS,PROGRESS,2019,OPEN
H-PROGRESS-2020,,https://projects.propublica.org/nonprofits/api/v2/organizations/853963084.json,2026-09-14,"{""name"":""Chamber Of Progress"",""ein"":853963084,""subsection_code"":6,""ruling_date"":""2021-08-01""}","No standalone annual revenue evidence for this fiscal-year-ending year in the captured organization registry/filing listing (or UK filed accounts for ControlAI). This is an availability flag, not zero revenue or proof of nonexistence.",Standalone primary annual return or accounts disclosing revenue for this legal entity and fiscal period; sponsor-wide returns do not close the project-level question.,ID-PROGRESS,PROGRESS,2020,OPEN
H-PROGRESS-2021,,https://projects.propublica.org/nonprofits/api/v2/organizations/853963084.json,2026-09-14,"{""name"":""Chamber Of Progress"",""ein"":853963084,""subsection_code"":6,""ruling_date"":""2021-08-01""}",Revenue is available in the linked evidence row.,,R-PROGRESS-2021-REV-2626,PROGRESS,2021,KEEP
H-PROGRESS-2022,,https://projects.propublica.org/nonprofits/api/v2/organizations/853963084.json,2026-09-14,"{""name"":""Chamber Of Progress"",""ein"":853963084,""subsection_code"":6,""ruling_date"":""2021-08-01""}",Revenue is available in the linked evidence row.,,R-PROGRESS-2022-REV-2976,PROGRESS,2022,KEEP
H-PROGRESS-2023,,https://projects.propublica.org/nonprofits/api/v2/organizations/853963084.json,2026-09-14,"{""name"":""Chamber Of Progress"",""ein"":853963084,""subsection_code"":6,""ruling_date"":""2021-08-01""}",Revenue is available in the linked evidence row.,,R-PROGRESS-2023-REV-2270,PROGRESS,2023,KEEP
H-PROGRESS-2024,,https://projects.propublica.org/nonprofits/api/v2/organizations/853963084.json,2026-09-14,"{""name"":""Chamber Of Progress"",""ein"":853963084,""subsection_code"":6,""ruling_date"":""2021-08-01""}",Revenue is available in the linked evidence row.,,R-PROGRESS-2024-REV-0333,PROGRESS,2024,KEEP
H-ITIF-2019,,https://projects.propublica.org/nonprofits/api/v2/organizations/204403497.json,2026-09-14,"{""name"":""Information Technology And Innovation Foundation"",""ein"":204403497,""subsection_code"":3,""ruling_date"":""2007-01-01""}",Revenue is available in the linked evidence row.,,R-ITIF-2019-REV-1440,ITIF,2019,KEEP
H-ITIF-2020,,https://projects.propublica.org/nonprofits/api/v2/organizations/204403497.json,2026-09-14,"{""name"":""Information Technology And Innovation Foundation"",""ein"":204403497,""subsection_code"":3,""ruling_date"":""2007-01-01""}",Revenue is available in the linked evidence row.,,R-ITIF-2020-REV-3775,ITIF,2020,KEEP
H-ITIF-2021,,https://projects.propublica.org/nonprofits/api/v2/organizations/204403497.json,2026-09-14,"{""name"":""Information Technology And Innovation Foundation"",""ein"":204403497,""subsection_code"":3,""ruling_date"":""2007-01-01""}",Revenue is available in the linked evidence row.,,R-ITIF-2021-REV-0339,ITIF,2021,KEEP
H-ITIF-2022,,https://projects.propublica.org/nonprofits/api/v2/organizations/204403497.json,2026-09-14,"{""name"":""Information Technology And Innovation Foundation"",""ein"":204403497,""subsection_code"":3,""ruling_date"":""2007-01-01""}",Revenue is available in the linked evidence row.,,R-ITIF-2022-REV-0620,ITIF,2022,KEEP
H-ITIF-2023,,https://projects.propublica.org/nonprofits/api/v2/organizations/204403497.json,2026-09-14,"{""name"":""Information Technology And Innovation Foundation"",""ein"":204403497,""subsection_code"":3,""ruling_date"":""2007-01-01""}",Revenue is available in the linked evidence row.,,R-ITIF-2023-REV-0619,ITIF,2023,KEEP
H-ITIF-2024,,https://projects.propublica.org/nonprofits/api/v2/organizations/204403497.json,2026-09-14,"{""name"":""Information Technology And Innovation Foundation"",""ein"":204403497,""subsection_code"":3,""ruling_date"":""2007-01-01""}",Revenue is available in the linked evidence row.,,R-ITIF-2024-REV-1018,ITIF,2024,KEEP
H-TECHFREEDOM-2019,,https://projects.propublica.org/nonprofits/api/v2/organizations/273567814.json,2026-09-14,"{""name"":""Techfreedom"",""ein"":273567814,""subsection_code"":3,""ruling_date"":""2014-01-01""}",Revenue is available in the linked evidence row.,,R-TECHFREEDOM-2019-REV-1866,TECHFREEDOM,2019,KEEP
H-TECHFREEDOM-2020,,https://projects.propublica.org/nonprofits/api/v2/organizations/273567814.json,2026-09-14,"{""name"":""Techfreedom"",""ein"":273567814,""subsection_code"":3,""ruling_date"":""2014-01-01""}",Revenue is available in the linked evidence row.,,R-TECHFREEDOM-2020-REV-0470,TECHFREEDOM,2020,KEEP
H-TECHFREEDOM-2021,,https://projects.propublica.org/nonprofits/api/v2/organizations/273567814.json,2026-09-14,"{""name"":""Techfreedom"",""ein"":273567814,""subsection_code"":3,""ruling_date"":""2014-01-01""}",Revenue is available in the linked evidence row.,,R-TECHFREEDOM-2021-REV-6118,TECHFREEDOM,2021,KEEP
H-TECHFREEDOM-2022,,https://projects.propublica.org/nonprofits/api/v2/organizations/273567814.json,2026-09-14,"{""name"":""Techfreedom"",""ein"":273567814,""subsection_code"":3,""ruling_date"":""2014-01-01""}",Revenue is available in the linked evidence row.,,R-TECHFREEDOM-2022-REV-0449,TECHFREEDOM,2022,KEEP
H-TECHFREEDOM-2023,,https://projects.propublica.org/nonprofits/api/v2/organizations/273567814.json,2026-09-14,"{""name"":""Techfreedom"",""ein"":273567814,""subsection_code"":3,""ruling_date"":""2014-01-01""}",Revenue is available in the linked evidence row.,,R-TECHFREEDOM-2023-REV-7043,TECHFREEDOM,2023,KEEP
H-TECHFREEDOM-2024,,https://projects.propublica.org/nonprofits/api/v2/organizations/273567814.json,2026-09-14,"{""name"":""Techfreedom"",""ein"":273567814,""subsection_code"":3,""ruling_date"":""2014-01-01""}",Revenue is available in the linked evidence row.,,R-TECHFREEDOM-2024-REV-9381,TECHFREEDOM,2024,KEEP
H-NETCHOICE-2019,,https://projects.propublica.org/nonprofits/api/v2/organizations/271716101.json,2026-09-14,"{""name"":""Netchoice"",""ein"":271716101,""subsection_code"":6,""ruling_date"":""2018-04-01""}",Revenue is available in the linked evidence row.,,R-NETCHOICE-2019-REV-COMP,NETCHOICE,2019,KEEP
H-NETCHOICE-2020,,https://projects.propublica.org/nonprofits/api/v2/organizations/271716101.json,2026-09-14,"{""name"":""Netchoice"",""ein"":271716101,""subsection_code"":6,""ruling_date"":""2018-04-01""}",Revenue is available in the linked evidence row.,,R-NETCHOICE-2020-REV-1818,NETCHOICE,2020,KEEP
H-NETCHOICE-2021,,https://projects.propublica.org/nonprofits/api/v2/organizations/271716101.json,2026-09-14,"{""name"":""Netchoice"",""ein"":271716101,""subsection_code"":6,""ruling_date"":""2018-04-01""}",Revenue is available in the linked evidence row.,,R-NETCHOICE-2021-REV-0805,NETCHOICE,2021,KEEP
H-NETCHOICE-2022,,https://projects.propublica.org/nonprofits/api/v2/organizations/271716101.json,2026-09-14,"{""name"":""Netchoice"",""ein"":271716101,""subsection_code"":6,""ruling_date"":""2018-04-01""}",Revenue is available in the linked evidence row.,,R-NETCHOICE-2022-REV-0919,NETCHOICE,2022,KEEP
H-NETCHOICE-2023,,https://projects.propublica.org/nonprofits/api/v2/organizations/271716101.json,2026-09-14,"{""name"":""Netchoice"",""ein"":271716101,""subsection_code"":6,""ruling_date"":""2018-04-01""}",Revenue is available in the linked evidence row.,,R-NETCHOICE-2023-REV-0104,NETCHOICE,2023,KEEP
H-NETCHOICE-2024,,https://projects.propublica.org/nonprofits/api/v2/organizations/271716101.json,2026-09-14,"{""name"":""Netchoice"",""ein"":271716101,""subsection_code"":6,""ruling_date"":""2018-04-01""}",Revenue is available in the linked evidence row.,,R-NETCHOICE-2024-REV-0534,NETCHOICE,2024,KEEP
H-AIPN-2019,,https://projects.propublica.org/nonprofits/api/v2/organizations/994513850.json,2026-09-14,"{""name"":""Ai Policy Network Inc"",""ein"":994513850,""subsection_code"":4,""ruling_date"":""2025-09-01""}","No standalone annual revenue evidence for this fiscal-year-ending year in the captured organization registry/filing listing (or UK filed accounts for ControlAI). This is an availability flag, not zero revenue or proof of nonexistence.",Standalone primary annual return or accounts disclosing revenue for this legal entity and fiscal period; sponsor-wide returns do not close the project-level question.,ID-AIPN,AIPN,2019,OPEN
H-AIPN-2020,,https://projects.propublica.org/nonprofits/api/v2/organizations/994513850.json,2026-09-14,"{""name"":""Ai Policy Network Inc"",""ein"":994513850,""subsection_code"":4,""ruling_date"":""2025-09-01""}","No standalone annual revenue evidence for this fiscal-year-ending year in the captured organization registry/filing listing (or UK filed accounts for ControlAI). This is an availability flag, not zero revenue or proof of nonexistence.",Standalone primary annual return or accounts disclosing revenue for this legal entity and fiscal period; sponsor-wide returns do not close the project-level question.,ID-AIPN,AIPN,2020,OPEN
H-AIPN-2021,,https://projects.propublica.org/nonprofits/api/v2/organizations/994513850.json,2026-09-14,"{""name"":""Ai Policy Network Inc"",""ein"":994513850,""subsection_code"":4,""ruling_date"":""2025-09-01""}","No standalone annual revenue evidence for this fiscal-year-ending year in the captured organization registry/filing listing (or UK filed accounts for ControlAI). This is an availability flag, not zero revenue or proof of nonexistence.",Standalone primary annual return or accounts disclosing revenue for this legal entity and fiscal period; sponsor-wide returns do not close the project-level question.,ID-AIPN,AIPN,2021,OPEN
H-AIPN-2022,,https://projects.propublica.org/nonprofits/api/v2/organizations/994513850.json,2026-09-14,"{""name"":""Ai Policy Network Inc"",""ein"":994513850,""subsection_code"":4,""ruling_date"":""2025-09-01""}","No standalone annual revenue evidence for this fiscal-year-ending year in the captured organization registry/filing listing (or UK filed accounts for ControlAI). This is an availability flag, not zero revenue or proof of nonexistence.",Standalone primary annual return or accounts disclosing revenue for this legal entity and fiscal period; sponsor-wide returns do not close the project-level question.,ID-AIPN,AIPN,2022,OPEN
H-AIPN-2023,,https://projects.propublica.org/nonprofits/api/v2/organizations/994513850.json,2026-09-14,"{""name"":""Ai Policy Network Inc"",""ein"":994513850,""subsection_code"":4,""ruling_date"":""2025-09-01""}","No standalone annual revenue evidence for this fiscal-year-ending year in the captured organization registry/filing listing (or UK filed accounts for ControlAI). This is an availability flag, not zero revenue or proof of nonexistence.",Standalone primary annual return or accounts disclosing revenue for this legal entity and fiscal period; sponsor-wide returns do not close the project-level question.,ID-AIPN,AIPN,2023,OPEN
H-AIPN-2024,,https://projects.propublica.org/nonprofits/api/v2/organizations/994513850.json,2026-09-14,"{""name"":""Ai Policy Network Inc"",""ein"":994513850,""subsection_code"":4,""ruling_date"":""2025-09-01""}","No standalone annual revenue evidence for this fiscal-year-ending year in the captured organization registry/filing listing (or UK filed accounts for ControlAI). This is an availability flag, not zero revenue or proof of nonexistence.",Standalone primary annual return or accounts disclosing revenue for this legal entity and fiscal period; sponsor-wide returns do not close the project-level question.,ID-AIPN,AIPN,2024,OPEN
H-ENCODER-2019,,https://projects.propublica.org/nonprofits/api/v2/organizations/333199430.json,2026-09-14,"{""name"":""Encode Research Foundation"",""ein"":333199430,""subsection_code"":3,""ruling_date"":""2025-06-01""}","No standalone annual revenue evidence for this fiscal-year-ending year in the captured organization registry/filing listing (or UK filed accounts for ControlAI). This is an availability flag, not zero revenue or proof of nonexistence.",Standalone primary annual return or accounts disclosing revenue for this legal entity and fiscal period; sponsor-wide returns do not close the project-level question.,ID-ENCODER,ENCODER,2019,OPEN
H-ENCODER-2020,,https://projects.propublica.org/nonprofits/api/v2/organizations/333199430.json,2026-09-14,"{""name"":""Encode Research Foundation"",""ein"":333199430,""subsection_code"":3,""ruling_date"":""2025-06-01""}","No standalone annual revenue evidence for this fiscal-year-ending year in the captured organization registry/filing listing (or UK filed accounts for ControlAI). This is an availability flag, not zero revenue or proof of nonexistence.",Standalone primary annual return or accounts disclosing revenue for this legal entity and fiscal period; sponsor-wide returns do not close the project-level question.,ID-ENCODER,ENCODER,2020,OPEN
H-ENCODER-2021,,https://projects.propublica.org/nonprofits/api/v2/organizations/333199430.json,2026-09-14,"{""name"":""Encode Research Foundation"",""ein"":333199430,""subsection_code"":3,""ruling_date"":""2025-06-01""}","No standalone annual revenue evidence for this fiscal-year-ending year in the captured organization registry/filing listing (or UK filed accounts for ControlAI). This is an availability flag, not zero revenue or proof of nonexistence.",Standalone primary annual return or accounts disclosing revenue for this legal entity and fiscal period; sponsor-wide returns do not close the project-level question.,ID-ENCODER,ENCODER,2021,OPEN
H-ENCODER-2022,,https://projects.propublica.org/nonprofits/api/v2/organizations/333199430.json,2026-09-14,"{""name"":""Encode Research Foundation"",""ein"":333199430,""subsection_code"":3,""ruling_date"":""2025-06-01""}","No standalone annual revenue evidence for this fiscal-year-ending year in the captured organization registry/filing listing (or UK filed accounts for ControlAI). This is an availability flag, not zero revenue or proof of nonexistence.",Standalone primary annual return or accounts disclosing revenue for this legal entity and fiscal period; sponsor-wide returns do not close the project-level question.,ID-ENCODER,ENCODER,2022,OPEN
H-ENCODER-2023,,https://projects.propublica.org/nonprofits/api/v2/organizations/333199430.json,2026-09-14,"{""name"":""Encode Research Foundation"",""ein"":333199430,""subsection_code"":3,""ruling_date"":""2025-06-01""}","No standalone annual revenue evidence for this fiscal-year-ending year in the captured organization registry/filing listing (or UK filed accounts for ControlAI). This is an availability flag, not zero revenue or proof of nonexistence.",Standalone primary annual return or accounts disclosing revenue for this legal entity and fiscal period; sponsor-wide returns do not close the project-level question.,ID-ENCODER,ENCODER,2023,OPEN
H-ENCODER-2024,,https://projects.propublica.org/nonprofits/api/v2/organizations/333199430.json,2026-09-14,"{""name"":""Encode Research Foundation"",""ein"":333199430,""subsection_code"":3,""ruling_date"":""2025-06-01""}","No standalone annual revenue evidence for this fiscal-year-ending year in the captured organization registry/filing listing (or UK filed accounts for ControlAI). This is an availability flag, not zero revenue or proof of nonexistence.",Standalone primary annual return or accounts disclosing revenue for this legal entity and fiscal period; sponsor-wide returns do not close the project-level question.,ID-ENCODER,ENCODER,2024,OPEN
H-AIPI-2019,,https://theaipi.org/donate/,2026-09-14,We’re a donor-supported 501(c)(3) non-profit.,"No standalone annual revenue evidence for this fiscal-year-ending year in the captured organization registry/filing listing (or UK filed accounts for ControlAI). This is an availability flag, not zero revenue or proof of nonexistence.",Standalone primary annual return or accounts disclosing revenue for this legal entity and fiscal period; sponsor-wide returns do not close the project-level question.,ID-AIPI,AIPI,2019,OPEN
H-AIPI-2020,,https://theaipi.org/donate/,2026-09-14,We’re a donor-supported 501(c)(3) non-profit.,"No standalone annual revenue evidence for this fiscal-year-ending year in the captured organization registry/filing listing (or UK filed accounts for ControlAI). This is an availability flag, not zero revenue or proof of nonexistence.",Standalone primary annual return or accounts disclosing revenue for this legal entity and fiscal period; sponsor-wide returns do not close the project-level question.,ID-AIPI,AIPI,2020,OPEN
H-AIPI-2021,,https://theaipi.org/donate/,2026-09-14,We’re a donor-supported 501(c)(3) non-profit.,"No standalone annual revenue evidence for this fiscal-year-ending year in the captured organization registry/filing listing (or UK filed accounts for ControlAI). This is an availability flag, not zero revenue or proof of nonexistence.",Standalone primary annual return or accounts disclosing revenue for this legal entity and fiscal period; sponsor-wide returns do not close the project-level question.,ID-AIPI,AIPI,2021,OPEN
H-AIPI-2022,,https://theaipi.org/donate/,2026-09-14,We’re a donor-supported 501(c)(3) non-profit.,"No standalone annual revenue evidence for this fiscal-year-ending year in the captured organization registry/filing listing (or UK filed accounts for ControlAI). This is an availability flag, not zero revenue or proof of nonexistence.",Standalone primary annual return or accounts disclosing revenue for this legal entity and fiscal period; sponsor-wide returns do not close the project-level question.,ID-AIPI,AIPI,2022,OPEN
H-AIPI-2023,,https://theaipi.org/donate/,2026-09-14,We’re a donor-supported 501(c)(3) non-profit.,"No standalone annual revenue evidence for this fiscal-year-ending year in the captured organization registry/filing listing (or UK filed accounts for ControlAI). This is an availability flag, not zero revenue or proof of nonexistence.",Standalone primary annual return or accounts disclosing revenue for this legal entity and fiscal period; sponsor-wide returns do not close the project-level question.,ID-AIPI,AIPI,2023,OPEN
H-AIPI-2024,,https://theaipi.org/donate/,2026-09-14,We’re a donor-supported 501(c)(3) non-profit.,"No standalone annual revenue evidence for this fiscal-year-ending year in the captured organization registry/filing listing (or UK filed accounts for ControlAI). This is an availability flag, not zero revenue or proof of nonexistence.",Standalone primary annual return or accounts disclosing revenue for this legal entity and fiscal period; sponsor-wide returns do not close the project-level question.,ID-AIPI,AIPI,2024,OPEN
H-ENCODE-2019,,https://encodeai.org/privacy-policy/,2026-09-14,"Encode AI Corporation, a 501(c)(4) social welfare organization","No standalone annual revenue evidence for this fiscal-year-ending year in the captured organization registry/filing listing (or UK filed accounts for ControlAI). This is an availability flag, not zero revenue or proof of nonexistence.",Standalone primary annual return or accounts disclosing revenue for this legal entity and fiscal period; sponsor-wide returns do not close the project-level question.,ID-ENCODE,ENCODE,2019,OPEN
H-ENCODE-2020,,https://encodeai.org/privacy-policy/,2026-09-14,"Encode AI Corporation, a 501(c)(4) social welfare organization","No standalone annual revenue evidence for this fiscal-year-ending year in the captured organization registry/filing listing (or UK filed accounts for ControlAI). This is an availability flag, not zero revenue or proof of nonexistence.",Standalone primary annual return or accounts disclosing revenue for this legal entity and fiscal period; sponsor-wide returns do not close the project-level question.,ID-ENCODE,ENCODE,2020,OPEN
H-ENCODE-2021,,https://encodeai.org/privacy-policy/,2026-09-14,"Encode AI Corporation, a 501(c)(4) social welfare organization","No standalone annual revenue evidence for this fiscal-year-ending year in the captured organization registry/filing listing (or UK filed accounts for ControlAI). This is an availability flag, not zero revenue or proof of nonexistence.",Standalone primary annual return or accounts disclosing revenue for this legal entity and fiscal period; sponsor-wide returns do not close the project-level question.,ID-ENCODE,ENCODE,2021,OPEN
H-ENCODE-2022,,https://encodeai.org/privacy-policy/,2026-09-14,"Encode AI Corporation, a 501(c)(4) social welfare organization","No standalone annual revenue evidence for this fiscal-year-ending year in the captured organization registry/filing listing (or UK filed accounts for ControlAI). This is an availability flag, not zero revenue or proof of nonexistence.",Standalone primary annual return or accounts disclosing revenue for this legal entity and fiscal period; sponsor-wide returns do not close the project-level question.,ID-ENCODE,ENCODE,2022,OPEN
H-ENCODE-2023,,https://encodeai.org/privacy-policy/,2026-09-14,"Encode AI Corporation, a 501(c)(4) social welfare organization","No standalone annual revenue evidence for this fiscal-year-ending year in the captured organization registry/filing listing (or UK filed accounts for ControlAI). This is an availability flag, not zero revenue or proof of nonexistence.",Standalone primary annual return or accounts disclosing revenue for this legal entity and fiscal period; sponsor-wide returns do not close the project-level question.,ID-ENCODE,ENCODE,2023,OPEN
H-ENCODE-2024,,https://encodeai.org/privacy-policy/,2026-09-14,"Encode AI Corporation, a 501(c)(4) social welfare organization","No standalone annual revenue evidence for this fiscal-year-ending year in the captured organization registry/filing listing (or UK filed accounts for ControlAI). This is an availability flag, not zero revenue or proof of nonexistence.",Standalone primary annual return or accounts disclosing revenue for this legal entity and fiscal period; sponsor-wide returns do not close the project-level question.,ID-ENCODE,ENCODE,2024,OPEN
H-CONTROL-2019,,https://find-and-update.company-information.service.gov.uk/company/15088415,2026-09-14,Private Limited Company by guarantee without share capital use of 'Limited' exemption,"No standalone annual revenue evidence for this fiscal-year-ending year in the captured organization registry/filing listing (or UK filed accounts for ControlAI). This is an availability flag, not zero revenue or proof of nonexistence.",Standalone primary annual return or accounts disclosing revenue for this legal entity and fiscal period; sponsor-wide returns do not close the project-level question.,ID-CONTROL,CONTROL,2019,OPEN
H-CONTROL-2020,,https://find-and-update.company-information.service.gov.uk/company/15088415,2026-09-14,Private Limited Company by guarantee without share capital use of 'Limited' exemption,"No standalone annual revenue evidence for this fiscal-year-ending year in the captured organization registry/filing listing (or UK filed accounts for ControlAI). This is an availability flag, not zero revenue or proof of nonexistence.",Standalone primary annual return or accounts disclosing revenue for this legal entity and fiscal period; sponsor-wide returns do not close the project-level question.,ID-CONTROL,CONTROL,2020,OPEN
H-CONTROL-2021,,https://find-and-update.company-information.service.gov.uk/company/15088415,2026-09-14,Private Limited Company by guarantee without share capital use of 'Limited' exemption,"No standalone annual revenue evidence for this fiscal-year-ending year in the captured organization registry/filing listing (or UK filed accounts for ControlAI). This is an availability flag, not zero revenue or proof of nonexistence.",Standalone primary annual return or accounts disclosing revenue for this legal entity and fiscal period; sponsor-wide returns do not close the project-level question.,ID-CONTROL,CONTROL,2021,OPEN
H-CONTROL-2022,,https://find-and-update.company-information.service.gov.uk/company/15088415,2026-09-14,Private Limited Company by guarantee without share capital use of 'Limited' exemption,"No standalone annual revenue evidence for this fiscal-year-ending year in the captured organization registry/filing listing (or UK filed accounts for ControlAI). This is an availability flag, not zero revenue or proof of nonexistence.",Standalone primary annual return or accounts disclosing revenue for this legal entity and fiscal period; sponsor-wide returns do not close the project-level question.,ID-CONTROL,CONTROL,2022,OPEN
H-CONTROL-2023,,https://find-and-update.company-information.service.gov.uk/company/15088415,2026-09-14,Private Limited Company by guarantee without share capital use of 'Limited' exemption,"No standalone annual revenue evidence for this fiscal-year-ending year in the captured organization registry/filing listing (or UK filed accounts for ControlAI). This is an availability flag, not zero revenue or proof of nonexistence.",Standalone primary annual return or accounts disclosing revenue for this legal entity and fiscal period; sponsor-wide returns do not close the project-level question.,ID-CONTROL,CONTROL,2023,OPEN
H-CONTROL-2024,,https://find-and-update.company-information.service.gov.uk/company/15088415,2026-09-14,Private Limited Company by guarantee without share capital use of 'Limited' exemption,"No standalone annual revenue evidence for this fiscal-year-ending year in the captured organization registry/filing listing (or UK filed accounts for ControlAI). This is an availability flag, not zero revenue or proof of nonexistence.",Standalone primary annual return or accounts disclosing revenue for this legal entity and fiscal period; sponsor-wide returns do not close the project-level question.,ID-CONTROL,CONTROL,2024,OPEN
